1,Maddalena,Lewsam,31/03/1939,62,1459857258,mlewsam0@shareasale.com,2,15783388663,15/10/2018
2,Clemente,Winsborrow,25/02/1934,58,6229506535,cwinsborrow1@naver.com,1,66903452434,08/06/2018
3,Angil,Izatson,31/07/1950,10,6189159839,aizatson2@sakura.ne.jp,1,22894489593,11/05/2018
4,Harli,Mynett,01/11/2006,59,2177575319,hmynett3@ask.com,1,76215553532,04/11/2018
5,Meriel,Lawty,03/08/1921,82,9618392643,mlawty4@xinhuanet.com,2,86336757075,22/10/2018
6,Catharine,Thirwell,28/08/1947,90,2388599737,cthirwell5@ca.gov,1,76084330871,17/09/2018
7,Lionel,Menendes,10/03/1959,100,2186012162,lmenendes6@geocities.jp,2,54090091143,15/12/2018
8,Willy,Vaines,23/04/1955,97,4042503800,wvaines7@nsw.gov.au,2,30631510945,13/06/2018
9,Nata,Moakson,12/09/1993,73,4484439545,nmoakson8@shinystat.com,1,61411786181,27/04/2018
10,Loria,Fumagallo,21/01/1962,84,3974882983,lfumagallo9@macromedia.com,2,39109020792,26/08/2018
11,Yuma,Elfe,15/10/1981,73,8502401758,yelfea@nyu.edu,2,87891654432,05/03/2019
12,Jermaine,Monget,19/02/1985,57,4319489065,jmongetb@earthlink.net,1,27333983604,15/12/2018
13,Hughie,Chasteau,22/03/1992,74,1666967903,hchasteauc@reddit.com,1,99583679047,27/04/2018
14,Leonid,Abrami,04/08/1993,29,9121903786,labramid@prnewswire.com,1,45072375917,26/02/2019
15,Berk,Odda,20/01/1988,22,8248466771,boddae@loc.gov,1,39927945056,30/05/2018
16,Maegan,Kerbey,10/08/2015,86,7952424367,mkerbeyf@yahoo.co.jp,3,20216537042,20/05/2018
17,Eldin,Serot,06/09/1939,80,3629170806,eserotg@youtube.com,1,29734826637,24/03/2018
18,Wandie,Bach,16/09/1969,10,8079928135,wbachh@deviantart.com,2,58543525620,11/01/2019
19,Rod,Stains,24/05/1937,71,1903228415,rstainsi@reuters.com,1,51747427973,18/09/2018
20,Nikki,McGeorge,02/10/1930,23,6169686600,nmcgeorgej@omniture.com,1,78237509723,06/10/2018
21,Kordula,Breakwell,30/07/2012,26,7398055992,kbreakwellk@cloudflare.com,3,73780265978,03/09/2018
22,Minni,Metts,16/09/1977,48,8285083677,mmettsl@taobao.com,2,69403010650,05/01/2019
23,Hanna,Freemantle,14/11/1922,69,1217833703,hfreemantlem@seesaa.net,3,57404928184,01/12/2018
24,Angelo,Grattage,03/10/1964,46,5408955500,agrattagen@bbc.co.uk,1,22665152954,23/06/2018
25,Godard,Narrie,14/10/1999,32,5672892030,gnarrieo@cnet.com,1,83566228058,20/10/2018
26,Geordie,Brinsford,03/06/1955,69,7226811535,gbrinsfordp@fotki.com,1,70753278376,18/06/2018
27,Silva,Skipp,03/03/2001,21,4827446292,sskippq@vk.com,2,99341465710,08/08/2018
28,Eda,Ziemke,18/04/1920,80,7766573591,eziemker@github.io,2,59769499164,10/05/2018
29,Truda,Branson,26/11/1987,66,8021704792,tbransons@lulu.com,2,11187210380,06/10/2018
30,Hugibert,Lyles,13/11/2003,96,8001525613,hlylest@virginia.edu,2,58246365095,02/03/2019
31,Bethena,Hadcock,23/10/1957,79,6801185265,bhadcocku@marriott.com,3,35588628285,04/12/2018
32,Cass,Bench,23/04/2006,77,7733336138,cbenchv@ebay.co.uk,3,48059262292,04/07/2018
33,Sara,Attack,30/06/1975,15,2096605927,sattackw@psu.edu,2,79442144872,26/07/2018
34,Robinson,Cattlemull,27/08/2009,17,5895807773,rcattlemullx@nationalgeographic.com,3,70698413090,03/09/2018
35,Josephine,Agron,18/08/1989,77,7736854962,jagrony@163.com,1,54407779715,29/06/2018
36,Giustina,Alben,08/02/2016,60,3019621357,galbenz@examiner.com,3,41854124140,15/01/2019
37,Kane,Titchener,18/04/1922,26,9857854230,ktitchener10@wired.com,3,87386815650,24/06/2018
38,Douglas,Smart,06/10/1921,87,7263195238,dsmart11@meetup.com,1,49190718804,09/07/2018
39,Cooper,Cuniffe,27/10/2016,18,7689527077,ccuniffe12@techcrunch.com,3,96738610488,15/06/2018
40,Charley,Cuskery,09/10/1934,92,8299428961,ccuskery13@jalbum.net,1,51487593684,28/09/2018
41,Loleta,Edmondson,11/05/1941,20,5849932785,ledmondson14@abc.net.au,2,76756917181,09/03/2018
42,Mayor,Skaife,02/12/1939,23,6093675743,mskaife15@google.es,1,61158231915,27/03/2018
43,Skylar,Rubinsztein,03/08/1937,80,1141665108,srubinsztein16@marriott.com,1,67987896857,22/06/2018
44,Sandie,Dancy,07/06/1925,32,8173904693,sdancy17@parallels.com,3,40747523914,09/08/2018
45,Jobey,Penketh,13/11/1990,32,1316977652,jpenketh18@msn.com,3,18801939853,07/11/2018
46,Basil,Curtin,05/03/1921,98,6882619814,bcurtin19@prweb.com,3,46999303313,10/05/2018
47,Melita,Keyzman,21/08/1975,51,6477363758,mkeyzman1a@over-blog.com,2,46468140127,02/04/2018
48,Ira,Toffanelli,25/08/1918,94,5027436024,itoffanelli1b@imgur.com,3,84552562198,20/05/2018
49,Donnamarie,Kienl,22/10/1997,41,5398543434,dkienl1c@buzzfeed.com,1,24378595904,22/02/2019
50,Araldo,Bridge,25/02/1943,15,7988842358,abridge1d@reverbnation.com,1,37015798911,17/10/2018
51,Norbie,Sever,30/09/1972,77,7889981469,nsever1e@apache.org,1,65948225887,17/10/2018
52,Alicea,Sandom,15/07/1919,77,9999305346,asandom1f@bing.com,2,52409128832,15/11/2018
53,Ralph,Scanlan,22/05/1987,29,7466372196,rscanlan1g@paypal.com,2,38270146633,12/12/2018
54,Jethro,Crafter,29/07/1998,89,7014582973,jcrafter1h@dion.ne.jp,2,31576729577,11/11/2018
55,Gardner,Kobus,21/04/1935,1,9464571053,gkobus1i@goodreads.com,1,24362859557,20/06/2018
56,Mayer,Lonie,25/08/1926,12,1713077856,mlonie1j@nature.com,3,96838655875,01/06/2018
57,Rinaldo,Abbett,18/02/1924,63,3536916195,rabbett1k@lulu.com,3,32309022426,06/04/2018
58,Jerrine,Pulbrook,13/10/1984,14,7633308289,jpulbrook1l@about.me,3,19615724580,11/12/2018
59,June,Iggo,24/12/2010,40,3303365015,jiggo1m@google.pl,1,57072744861,26/03/2018
60,Luise,McCaffrey,22/04/1988,52,1143446193,lmccaffrey1n@phoca.cz,1,20845315048,04/09/2018
61,Dion,Klampk,07/05/1999,19,7041527821,dklampk1o@disqus.com,1,11800782328,05/10/2018
62,Lynda,Newvell,16/11/1954,14,4199848787,lnewvell1p@nsw.gov.au,3,67297118491,11/04/2018
63,Irene,Gibbett,25/11/2018,89,1773088955,igibbett1q@feedburner.com,2,54110385800,18/05/2018
64,Elysee,Dormand,24/01/1990,34,1011989765,edormand1r@hc360.com,3,40334720279,04/07/2018
65,Carolan,Serjeantson,22/12/1942,25,6712198330,cserjeantson1s@weather.com,1,39801170282,09/11/2018
66,Sayre,Chomley,24/11/1964,23,9932469993,schomley1t@technorati.com,3,40712297288,15/11/2018
67,Hans,McVeighty,13/05/1943,56,2065424654,hmcveighty1u@canalblog.com,3,31417338979,25/01/2019
68,Bancroft,Matej,06/10/1990,69,8519531860,bmatej1v@uiuc.edu,1,64123108880,24/08/2018
69,Lucia,McCool,05/03/1966,37,8607840056,lmccool1w@wikipedia.org,2,18064257711,14/09/2018
70,Perle,McConnell,11/04/1982,45,4257792442,pmcconnell1x@is.gd,1,38597200312,13/03/2018
71,Mil,Sorton,21/05/1962,74,7799706288,msorton1y@privacy.gov.au,3,83917397450,06/03/2018
72,Georgeanna,Beamish,15/01/1919,84,9613411023,gbeamish1z@illinois.edu,3,60095722858,06/10/2018
73,Jinny,O'Heyne,04/11/2009,65,2266328046,joheyne20@nsw.gov.au,3,78787212753,08/01/2019
74,Jessie,Gaffney,08/09/1962,29,4467419191,jgaffney21@blog.com,1,20217599974,28/04/2018
75,Amalita,Tolhurst,28/07/1968,27,4064148944,atolhurst22@wikimedia.org,1,57263362577,07/04/2018
76,Zorah,Escalero,02/01/1921,27,1871203325,zescalero23@i2i.jp,2,60205794724,29/01/2019
77,Gae,Merriman,24/05/2013,19,6541879177,gmerriman24@cloudflare.com,2,17833760110,25/09/2018
78,Silvana,Gillbanks,16/06/1948,82,8196526023,sgillbanks25@nba.com,3,79397951583,07/06/2018
79,Sisile,Lacheze,04/08/1997,16,1348210999,slacheze26@sakura.ne.jp,3,98057040056,05/08/2018
80,Allison,Fillary,22/02/1954,72,5657793944,afillary27@blogspot.com,1,71446570764,22/07/2018
81,Tremain,Bonallack,19/05/1923,33,1354728540,tbonallack28@about.com,2,23607633789,07/05/2018
82,Mic,Batram,24/06/1957,62,8132575587,mbatram29@i2i.jp,2,19245115832,31/12/2018
83,Giacinta,Forgan,16/05/1946,29,6191611777,gforgan2a@prlog.org,1,64017263980,27/02/2019
84,Peyter,Scaife,12/09/1959,87,8811356709,pscaife2b@engadget.com,3,81908041604,23/09/2018
85,Lebbie,MacHoste,07/05/1922,7,8003368622,lmachoste2c@sohu.com,2,50074929453,17/04/2018
86,Nissy,Loosemore,02/04/1979,44,1593338805,nloosemore2d@spiegel.de,2,88990301072,23/04/2018
87,Mac,Trood,11/10/1938,87,6042450427,mtrood2e@ftc.gov,2,89880689330,20/07/2018
88,Hamnet,Eivers,30/05/1974,65,1432066454,heivers2f@pbs.org,1,38996697005,28/10/2018
89,Charlena,Penniell,23/05/1929,67,9973968393,cpenniell2g@blog.com,1,58697725826,14/08/2018
90,Cicily,Janczewski,15/03/1927,25,1488315320,cjanczewski2h@theatlantic.com,2,21298430875,22/12/2018
91,Anthe,Nevison,20/03/1944,65,5917387654,anevison2i@geocities.jp,1,74240280804,01/04/2018
92,Keen,Ebi,07/04/1958,37,2672218618,kebi2j@aboutads.info,1,45899077569,26/06/2018
93,Lewiss,Rioch,07/08/1927,98,2575722907,lrioch2k@cam.ac.uk,1,46906764551,31/03/2018
94,Alasteir,Blaver,01/08/2000,84,7077728040,ablaver2l@whitehouse.gov,2,32125895316,02/06/2018
95,Terencio,Gregorace,15/04/1986,23,7426161526,tgregorace2m@fc2.com,3,50408838390,13/09/2018
96,Alain,Westney,31/01/1929,15,9135999996,awestney2n@php.net,1,52044802647,22/02/2019
97,Renae,Algar,09/06/1942,54,4867519796,ralgar2o@opera.com,2,70320860541,27/11/2018
98,Isidro,McGorley,22/11/1944,61,6844359972,imcgorley2p@google.com.au,3,16045226846,21/05/2018
99,Gloria,Philson,29/01/1996,27,9854154116,gphilson2q@slideshare.net,3,33606989380,09/12/2018
100,Elysee,Yewdell,25/11/2004,95,5949746229,eyewdell2r@jigsy.com,1,14428374218,02/11/2018
101,Bertrando,Fossey,01/11/2014,41,1361225322,bfossey2s@mac.com,1,93657602939,13/11/2018
102,Jessie,Langelay,14/02/1991,66,5959395037,jlangelay2t@sina.com.cn,3,70488738819,21/03/2018
103,Linette,Connor,15/07/2015,29,1158148723,lconnor2u@studiopress.com,1,63526054461,22/11/2018
104,Ilysa,Lerven,20/10/1984,53,4046567741,ilerven2v@disqus.com,2,88429005634,25/11/2018
105,Teddy,Leckie,13/12/1951,49,9528958991,tleckie2w@techcrunch.com,2,31505080768,27/01/2019
106,Ganny,Gilbart,30/05/1963,65,6249001208,ggilbart2x@google.co.jp,2,69297040351,11/09/2018
107,Ethelyn,Cassley,17/06/1957,50,4711438308,ecassley2y@miibeian.gov.cn,2,33784268151,24/12/2018
108,Gale,Heggadon,15/10/1940,63,2182908548,gheggadon2z@cafepress.com,1,39524254055,03/04/2018
109,Melissa,Hubbins,08/05/1950,9,2422318026,mhubbins30@gnu.org,2,18487379665,25/02/2019
110,Hana,Graeser,20/03/2015,30,5408200669,hgraeser31@skyrock.com,2,52190485926,04/12/2018
111,Daryle,Crawford,30/06/1977,80,6047263627,dcrawford32@1und1.de,2,74457835751,21/06/2018
112,Wally,Simek,04/07/1986,12,4837959187,wsimek33@washington.edu,3,39040515644,28/12/2018
113,Allard,Longfellow,10/12/2011,9,2487989924,alongfellow34@deviantart.com,1,83179901835,19/06/2018
114,Everett,Simonard,02/02/1933,78,3475424712,esimonard35@hatena.ne.jp,2,84108122232,04/12/2018
115,Germaine,Lob,09/07/2007,36,8221086953,glob36@about.me,2,67950044245,20/01/2019
116,Isis,Itzakovitz,18/04/1936,88,8741082246,iitzakovitz37@privacy.gov.au,2,92300033144,15/08/2018
117,Madelyn,Waeland,10/08/1934,39,2123148205,mwaeland38@hubpages.com,2,20460832563,06/02/2019
118,Shermy,Maffetti,12/09/1983,72,1912856449,smaffetti39@bluehost.com,2,16782185685,11/03/2018
119,Layla,De Micoli,17/12/1983,21,3797323142,ldemicoli3a@wordpress.org,3,90785218526,04/01/2019
120,Rita,Seabon,02/09/1960,83,8446352589,rseabon3b@amazon.co.jp,2,89402038946,10/05/2018
121,Tiffani,Tatters,16/09/2014,69,2973550148,ttatters3c@yelp.com,3,14781144164,12/03/2018
122,Siffre,Rowlings,20/12/1932,57,1066459385,srowlings3d@aol.com,1,85978661925,17/09/2018
123,Berky,Dowber,06/06/1937,40,2514428610,bdowber3e@devhub.com,3,19965608437,16/09/2018
124,Lesly,Denham,27/09/1923,75,1796025816,ldenham3f@shutterfly.com,3,21052699454,23/10/2018
125,Eddy,Hadingham,24/09/1997,47,2467722125,ehadingham3g@dmoz.org,1,34058653661,08/03/2018
126,Ax,Shobbrook,15/06/1958,59,1624599870,ashobbrook3h@slashdot.org,1,58886607409,04/02/2019
127,Janos,Cosely,14/09/1946,18,6283488151,jcosely3i@foxnews.com,2,66924414739,16/05/2018
128,Ronica,Miettinen,16/07/1994,35,9467654563,rmiettinen3j@paypal.com,2,11198426064,12/01/2019
129,Margot,Scargill,07/07/1970,25,3752267018,mscargill3k@hhs.gov,3,51932863333,18/03/2018
130,Vally,Tandy,04/05/1923,98,1734717749,vtandy3l@liveinternet.ru,3,84337787662,22/02/2019
131,Clemmy,Smalridge,19/02/1956,52,1719450887,csmalridge3m@cnet.com,3,95408556288,18/08/2018
132,Brigg,Chattington,11/08/1973,56,9285341685,bchattington3n@washingtonpost.com,1,16971068637,12/08/2018
133,Burke,Habbon,23/12/2004,75,6771702176,bhabbon3o@tumblr.com,1,11447517948,17/10/2018
134,Sandor,Hazelton,03/08/1976,6,9929225249,shazelton3p@samsung.com,1,13772344873,19/09/2018
135,Lib,Fedorchenko,20/05/1987,11,8806972096,lfedorchenko3q@google.ru,3,25839696161,14/08/2018
136,Clarice,Gleeton,08/05/1978,52,1546665602,cgleeton3r@istockphoto.com,1,12242446160,28/05/2018
137,Camille,Aldins,23/01/1956,61,9865190161,caldins3s@nasa.gov,2,15765428530,20/11/2018
138,Letizia,Jezzard,24/08/2008,17,1816379007,ljezzard3t@simplemachines.org,2,83972685996,21/05/2018
139,Gillian,Shee,24/02/2001,19,1471219990,gshee3u@auda.org.au,1,89539939572,28/09/2018
140,Park,Tomczak,08/07/1921,47,1001869863,ptomczak3v@alexa.com,1,31206156179,01/08/2018
141,Garnet,Billie,13/03/1996,76,8559191759,gbillie3w@mac.com,2,60667420873,06/07/2018
142,Lucio,Strond,03/05/1994,64,5283918373,lstrond3x@geocities.com,2,62355853794,09/05/2018
143,Saunder,Sandeman,20/09/1968,45,2966146031,ssandeman3y@ning.com,3,11775209938,30/07/2018
144,Carl,Severn,16/04/1933,55,1295573819,csevern3z@pbs.org,1,51872869856,14/08/2018
145,Wiley,Weatherdon,17/12/1978,58,2562536611,wweatherdon40@ycombinator.com,1,84891501801,15/02/2019
146,Katya,Bocken,02/08/1962,71,5045748469,kbocken41@seattletimes.com,1,83776008737,11/07/2018
147,Chrisy,Innocenti,01/07/1943,89,9945000267,cinnocenti42@wix.com,2,47737472599,17/01/2019
148,Sissie,Chadwell,24/08/1932,32,9492999916,schadwell43@networksolutions.com,3,86657817918,11/10/2018
149,Jenilee,Tant,01/03/1963,43,6891396413,jtant44@biblegateway.com,3,32099779978,07/08/2018
150,Jarrod,Schultheiss,29/07/1947,58,4876200604,jschultheiss45@epa.gov,3,23727137624,24/05/2018
151,Tanitansy,Saltmarshe,30/11/1999,40,4388134240,tsaltmarshe46@mit.edu,2,12300058226,09/03/2018
152,Donal,Rosborough,09/07/2002,48,6661086067,drosborough47@yandex.ru,2,27540888470,15/06/2018
153,Hamlin,Timbrell,18/12/2011,9,7856218661,htimbrell48@ucoz.ru,2,17682531077,23/04/2018
154,Brittney,Knowlson,10/05/1932,89,7114338699,bknowlson49@who.int,3,71857487741,07/02/2019
155,Magdalena,Fillis,20/07/2014,80,4935596847,mfillis4a@freewebs.com,2,41569083423,04/08/2018
156,Cristen,Tattersfield,30/08/1921,27,4072657004,ctattersfield4b@wiley.com,1,35075019636,14/02/2019
157,Giraud,Hoys,10/09/1957,28,2556827976,ghoys4c@abc.net.au,3,23353750396,23/04/2018
158,Adiana,Phipp,16/02/1926,38,8963054435,aphipp4d@scribd.com,1,96523712204,13/05/2018
159,Ignaz,Ovise,21/01/1974,35,4607901934,iovise4e@jalbum.net,2,42857219363,08/12/2018
160,Flss,Butts,05/06/2010,17,4679862157,fbutts4f@google.co.jp,1,81200938048,07/04/2018
161,Addie,Witchard,05/09/1965,31,5541153754,awitchard4g@ft.com,1,87627112727,25/05/2018
162,Wilden,Lenormand,04/10/1953,70,5561852624,wlenormand4h@sina.com.cn,1,39412541217,29/12/2018
163,Mordy,Lytlle,14/04/2008,29,8177189293,mlytlle4i@yolasite.com,2,42485435401,24/04/2018
164,Gus,Hasell,26/09/2015,88,6524019343,ghasell4j@cnet.com,3,24336861398,12/10/2018
165,Blair,Matskevich,25/09/1941,94,9646257346,bmatskevich4k@cdbaby.com,1,88549801783,08/01/2019
166,Artur,Josselsohn,26/07/1953,64,4951004608,ajosselsohn4l@imdb.com,3,71661658430,02/10/2018
167,Alexandrina,Gadsby,07/07/2015,47,3347177949,agadsby4m@umich.edu,3,25534973944,26/11/2018
168,Brion,Badman,05/06/1963,92,3086083804,bbadman4n@nasa.gov,1,33253980501,23/02/2019
169,Jeddy,Rowes,01/03/1991,81,8947739555,jrowes4o@spotify.com,2,60092220238,07/06/2018
170,Astra,Harrild,08/06/2016,95,4016717314,aharrild4p@webnode.com,1,84442204591,16/05/2018
171,Sula,Denerley,26/04/1984,67,5554009774,sdenerley4q@whitehouse.gov,1,32680280253,10/01/2019
172,Eloisa,Gleave,11/06/1947,38,9155847515,egleave4r@uiuc.edu,3,98130480749,19/10/2018
173,Micki,Bassilashvili,13/05/1973,20,9887129682,mbassilashvili4s@purevolume.com,1,62774901654,24/08/2018
174,Jami,Baal,16/04/1990,16,1554928555,jbaal4t@parallels.com,1,64046339946,08/12/2018
175,Beverlee,Whittlesea,10/10/1939,54,2878703877,bwhittlesea4u@facebook.com,2,99963246543,07/08/2018
176,Alexia,Khosa,18/03/1930,76,6585861024,akhosa4v@typepad.com,2,84800148937,17/07/2018
177,Stanislas,Windous,15/03/1943,22,1454639157,swindous4w@state.tx.us,3,90341475843,14/09/2018
178,Dari,Ucceli,28/10/1919,98,4522141260,ducceli4x@wisc.edu,3,62330070966,07/01/2019
179,Sherie,Brabyn,09/03/1966,91,5137306248,sbrabyn4y@arstechnica.com,1,94673553417,11/05/2018
180,Wilek,Maruska,21/10/1933,17,1331787271,wmaruska4z@alibaba.com,2,74710984992,08/11/2018
181,Reuben,Ivshin,24/08/1966,40,6937684644,rivshin50@edublogs.org,1,43126206867,22/10/2018
182,Hannis,Halm,20/10/1971,36,2151297206,hhalm51@digg.com,3,69010385982,21/11/2018
183,Ruthanne,Weatherell,11/01/1990,29,1774100670,rweatherell52@woothemes.com,2,43650289445,12/05/2018
184,Valery,Crummey,09/06/2004,33,6262196660,vcrummey53@cloudflare.com,1,31650936260,19/04/2018
185,Madeline,Drewe,16/10/1956,71,1877827702,mdrewe54@toplist.cz,2,42382054023,31/10/2018
186,Leigha,Chard,25/06/1935,32,4515265653,lchard55@wordpress.org,3,93938046819,09/10/2018
187,Falkner,Chessum,31/03/1971,89,5308567057,fchessum56@cbslocal.com,3,36468226530,16/10/2018
188,Randal,Dowglass,21/03/1924,83,4989290678,rdowglass57@topsy.com,2,24280902947,29/07/2018
189,Seka,Dunning,15/05/1941,42,2114752178,sdunning58@fc2.com,3,54012671555,15/04/2018
190,Joshuah,Tatlock,22/06/1992,80,5452462178,jtatlock59@lycos.com,3,25002563513,22/09/2018
191,Krista,Pettigree,31/10/2004,5,1073699954,kpettigree5a@oracle.com,3,12769013627,05/02/2019
192,Risa,Piechnik,23/07/2016,22,9878495019,rpiechnik5b@lulu.com,3,29303574453,21/01/2019
193,Jeff,Covendon,21/11/1976,65,5842660594,jcovendon5c@123-reg.co.uk,1,78952843301,19/01/2019
194,Gertie,Harriman,05/11/1972,31,6885324544,gharriman5d@1und1.de,2,80596696282,14/01/2019
195,Lyell,Hallyburton,10/01/1935,89,7824134735,lhallyburton5e@plala.or.jp,3,89133646961,10/11/2018
196,Briggs,Dwire,23/01/1925,35,8822014029,bdwire5f@taobao.com,3,32314021777,18/05/2018
197,Orsola,Bergen,22/05/1943,74,3684375242,obergen5g@sitemeter.com,2,92151125060,19/10/2018
198,Geoffry,Lynde,21/05/1944,35,7893572771,glynde5h@gizmodo.com,2,23291599879,29/04/2018
199,Red,Eccles,22/07/1928,77,5489221895,reccles5i@vistaprint.com,1,12313069586,04/07/2018
200,Sid,Traylen,08/07/1932,20,2999325857,straylen5j@microsoft.com,3,59252386608,27/04/2018
201,Julia,Luty,14/07/1979,50,2175229144,jluty5k@github.io,2,31612168901,30/10/2018
202,Harriet,Butcher,02/04/1994,49,9154234693,hbutcher5l@plala.or.jp,2,26676884468,24/05/2018
203,Darcey,Desesquelle,12/11/1929,1,6181886272,ddesesquelle5m@berkeley.edu,3,56491621135,18/07/2018
204,Gaile,Rolph,19/03/1997,74,4107468450,grolph5n@blogspot.com,1,26368195123,15/06/2018
205,Janey,Colton,11/11/1978,54,1618208617,jcolton5o@odnoklassniki.ru,3,51004063716,14/07/2018
206,Brian,O' Connell,30/09/1961,10,8032680294,boconnell5p@home.pl,1,29557700573,14/09/2018
207,Ethyl,Ginn,21/03/1986,23,8493947671,eginn5q@hostgator.com,2,40122636384,17/08/2018
208,Kariotta,Connechy,08/12/1980,3,3063480030,kconnechy5r@webmd.com,1,35344632127,02/10/2018
209,Blisse,Luby,16/05/1955,45,3097181080,bluby5s@nps.gov,1,98171457072,02/07/2018
210,Peterus,Eskriet,02/06/1961,56,6931751613,peskriet5t@hp.com,2,12300441273,20/03/2018
211,Alla,Cansdell,07/02/1957,83,4968476025,acansdell5u@netscape.com,2,19988498227,15/07/2018
212,Galvan,Gronous,19/03/2004,3,1283164270,ggronous5v@chron.com,1,57320664475,14/01/2019
213,Sumner,Byway,02/03/1960,56,9609552400,sbyway5w@nytimes.com,1,85356381265,27/12/2018
214,Barry,Leppingwell,17/02/2010,38,5528575528,bleppingwell5x@bandcamp.com,1,13986199100,03/02/2019
215,Abbott,Hinnerk,29/05/1938,40,7897899524,ahinnerk5y@prlog.org,3,38389201877,01/09/2018
216,Darelle,Houlaghan,23/08/2003,21,8716610326,dhoulaghan5z@behance.net,2,82378114736,20/02/2019
217,Katti,Varnals,25/08/1943,46,5963769063,kvarnals60@aboutads.info,3,69652422201,27/02/2019
218,Wendell,Schulze,06/12/1999,68,2046842215,wschulze61@cnn.com,1,59067093993,19/10/2018
219,Isabeau,Le Pruvost,24/10/1946,74,6028806887,ilepruvost62@google.fr,2,95789791441,27/11/2018
220,Wallie,Beakes,24/06/1937,87,4159821844,wbeakes63@is.gd,3,85696644686,19/01/2019
221,Renee,Gribbins,24/07/1928,76,7474838602,rgribbins64@homestead.com,2,96764062012,28/06/2018
222,Janna,Rohlfs,15/10/1986,37,3649397725,jrohlfs65@e-recht24.de,3,27984519203,23/03/2018
223,Panchito,Shackel,10/12/1953,98,5297064615,pshackel66@blogtalkradio.com,2,67505396456,14/03/2018
224,Cindi,Grainger,19/07/1940,55,6119782426,cgrainger67@weather.com,2,45686250728,03/03/2019
225,Marcia,Iron,24/03/1945,100,1675300661,miron68@seattletimes.com,3,78829889324,25/12/2018
226,Diahann,Ware,19/08/1930,22,4726210007,dware69@utexas.edu,2,93870968351,23/01/2019
227,Frederique,Hanes,10/10/1984,91,6079650916,fhanes6a@fastcompany.com,1,69827754470,13/02/2019
228,Hobard,Giottini,09/02/2005,76,4324718979,hgiottini6b@homestead.com,2,58271907013,06/06/2018
229,Harper,Cantillion,19/12/1953,53,9452868491,hcantillion6c@nba.com,3,85308087269,19/06/2018
230,Shawn,Gotfrey,24/11/1961,96,9568659794,sgotfrey6d@elpais.com,3,44979338595,15/06/2018
231,Abagail,Harriott,27/01/1990,25,4435231682,aharriott6e@blogs.com,3,24662842171,04/10/2018
232,Joanna,Littlepage,23/04/1977,88,1633690591,jlittlepage6f@meetup.com,3,48452913493,23/07/2018
233,Thom,Bound,27/08/1966,60,2306622872,tbound6g@1688.com,1,27977005701,14/02/2019
234,Hugibert,Ceaser,13/03/2011,42,6864458499,hceaser6h@ocn.ne.jp,3,48442187608,02/10/2018
235,Bruno,Verdie,06/11/1970,51,2859619159,bverdie6i@mac.com,1,96286361470,12/04/2018
236,Terry,Hitzmann,10/05/1999,87,7369473522,thitzmann6j@tmall.com,1,92996651622,20/07/2018
237,Giles,Bendix,15/06/2001,27,8265387046,gbendix6k@123-reg.co.uk,2,74158028106,13/11/2018
238,Fidelio,Smidmore,23/11/1996,2,6337576361,fsmidmore6l@51.la,1,63409356822,03/02/2019
239,Garold,Vivers,22/03/2003,75,1469911800,gvivers6m@yelp.com,3,92198407878,09/11/2018
240,Kaela,Aicken,08/09/1958,7,7423453309,kaicken6n@myspace.com,3,85260298164,01/03/2019
241,Orelle,Sarrell,04/01/2011,80,8949681767,osarrell6o@lulu.com,3,52804654927,03/09/2018
242,Martie,Yerbury,30/03/1925,1,5518870568,myerbury6p@dailymail.co.uk,2,19810375031,24/05/2018
243,Kamillah,Odgaard,12/08/1982,37,4676980790,kodgaard6q@about.com,2,21518788222,23/02/2019
244,Cam,Coulthurst,19/02/1998,42,5351868970,ccoulthurst6r@histats.com,2,39366629713,26/07/2018
245,Belvia,Ormshaw,07/05/1929,70,5401556176,bormshaw6s@1und1.de,3,72236710997,08/10/2018
246,Carney,Lattka,07/11/1975,52,7727424582,clattka6t@cornell.edu,1,97633163379,16/09/2018
247,Yule,Nason,03/07/2017,98,2547291669,ynason6u@economist.com,3,95260833632,05/01/2019
248,Damon,Nettle,28/12/1943,43,8017050045,dnettle6v@blinklist.com,2,69820683937,25/04/2018
249,Evy,Liverseege,12/05/1978,71,3756097359,eliverseege6w@typepad.com,1,22519464250,13/08/2018
250,Guthrie,Mattiazzi,26/08/1995,99,1483743550,gmattiazzi6x@reverbnation.com,3,53232300423,28/05/2018
251,Rodrick,Skilton,22/10/1920,29,3184923654,rskilton6y@yolasite.com,1,82694096803,27/05/2018
252,Idell,Niemiec,07/12/1927,62,2182981697,iniemiec6z@yellowpages.com,1,94686855051,09/04/2018
253,Tremayne,Jenkison,11/01/1926,72,3986514667,tjenkison70@state.gov,3,86664500358,06/11/2018
254,Ado,Amies,02/10/1960,35,2601547974,aamies71@vimeo.com,3,99030847422,28/01/2019
255,Guntar,Pott,13/08/1945,46,3064859497,gpott72@ustream.tv,1,50250096134,13/05/2018
256,Jermain,Guerro,13/02/1987,24,9431465484,jguerro73@cbc.ca,3,94253831472,03/09/2018
257,Shauna,Bennike,29/11/1922,24,3481042709,sbennike74@google.nl,2,32579110019,14/03/2018
258,Abdul,Harnes,13/06/1953,27,7953228719,aharnes75@last.fm,3,76498020752,06/05/2018
259,Viviene,Norcliffe,08/02/2001,8,6391583783,vnorcliffe76@ocn.ne.jp,2,27827243403,14/10/2018
260,Matilda,Culpen,05/09/1922,76,9156353611,mculpen77@ustream.tv,3,81572206135,07/04/2018
261,Skye,Yoxall,09/09/1975,12,4741557939,syoxall78@washingtonpost.com,2,42644328560,21/08/2018
262,Maurita,Boig,31/05/1954,31,7025638728,mboig79@icio.us,3,90068211893,07/09/2018
263,Enrique,Rotlauf,10/05/1920,52,7008970891,erotlauf7a@hexun.com,3,95137136572,07/07/2018
264,Sawyere,Gorton,15/04/1970,66,2432195385,sgorton7b@comcast.net,1,95032487222,09/01/2019
265,Lois,Balaizot,29/05/1978,51,8662327107,lbalaizot7c@symantec.com,3,44542680661,03/01/2019
266,Buddie,Elliman,08/04/1923,54,5035624682,belliman7d@behance.net,3,84922638185,04/04/2018
267,Geoff,Pere,12/04/2003,23,9875788546,gpere7e@yolasite.com,3,26634021529,06/01/2019
268,Giffard,Clempton,11/09/1924,96,4532728510,gclempton7f@amazon.co.uk,2,51648008631,16/06/2018
269,Matteo,Breslauer,05/08/1992,24,3106996248,mbreslauer7g@fc2.com,3,65185358392,11/06/2018
270,Yul,Crebott,25/12/1993,100,6402827182,ycrebott7h@sakura.ne.jp,3,52609501359,24/04/2018
271,Ellis,Cheales,20/03/1925,44,4287471179,echeales7i@barnesandnoble.com,2,30941349165,01/12/2018
272,Adham,Reid,20/05/1997,60,7132909702,areid7j@elegantthemes.com,2,44333367056,24/08/2018
273,Ddene,Fatkin,28/07/1968,23,1195085201,dfatkin7k@edublogs.org,1,41806617971,31/08/2018
274,Felisha,McDermott-Row,15/02/1953,48,5135091889,fmcdermottrow7l@ucoz.com,2,41708933637,03/10/2018
275,Tamra,McElhargy,11/03/2014,33,3592244369,tmcelhargy7m@naver.com,2,57385142006,10/01/2019
276,Carmella,Flinn,08/12/1988,51,8928707573,cflinn7n@businessweek.com,2,51757533628,18/12/2018
277,Willow,Geggie,16/10/1957,84,5179222389,wgeggie7o@mail.ru,3,81292793233,17/08/2018
278,Ulrika,Salkild,24/03/2012,55,8843463579,usalkild7p@woothemes.com,2,95178580932,20/01/2019
279,Oralie,Darlison,17/02/1929,40,2219938021,odarlison7q@last.fm,3,22144617699,02/11/2018
280,Vale,Rosoman,07/11/1943,90,3811916793,vrosoman7r@shinystat.com,1,65801779905,06/03/2018
281,Chandal,Fettis,28/08/1984,94,7889457930,cfettis7s@nytimes.com,2,24889991227,19/02/2019
282,Roy,Kingsbury,24/12/1962,90,2798798057,rkingsbury7t@domainmarket.com,2,93686757755,03/09/2018
283,Olimpia,Pietruszewicz,06/12/1997,65,5511219791,opietruszewicz7u@wisc.edu,1,81535298425,14/01/2019
284,Annabella,Mayho,08/10/1956,15,1146198377,amayho7v@usnews.com,3,99026633780,04/03/2019
285,Sherline,Abelov,07/07/1987,69,3093795018,sabelov7w@nytimes.com,1,20496977811,10/09/2018
286,Ingeborg,Floweth,09/05/1928,85,4888531547,ifloweth7x@sbwire.com,2,68454591989,18/02/2019
287,Edgardo,Macer,29/10/1992,39,9801557335,emacer7y@apple.com,2,77336563508,07/05/2018
288,Bonni,Cayette,26/02/1962,17,8934343963,bcayette7z@gnu.org,1,64338676576,26/06/2018
289,Esther,Mixworthy,20/10/1979,58,2317245561,emixworthy80@weather.com,2,72996559550,23/10/2018
290,Zacharie,Farrance,12/09/1919,44,9404527255,zfarrance81@prlog.org,1,13070680777,13/01/2019
291,Sly,Clacson,29/11/1972,9,4439231439,sclacson82@cocolog-nifty.com,1,61710046490,08/08/2018
292,Pooh,Strowan,02/09/1923,21,1035979423,pstrowan83@twitpic.com,2,99113371768,28/06/2018
293,Dot,Gherardelli,13/09/1919,28,3327866108,dgherardelli84@diigo.com,2,49066245258,17/04/2018
294,Rey,Fitchell,14/02/1991,97,6939110928,rfitchell85@yale.edu,3,17611161486,02/05/2018
295,Dannie,Edbrooke,23/12/1959,79,2262429259,dedbrooke86@yandex.ru,1,78796970717,19/06/2018
296,Ferguson,Mansbridge,03/12/1946,53,9161468739,fmansbridge87@ihg.com,1,42965843315,02/10/2018
297,Sylvia,Mockler,07/08/1933,17,6084247739,smockler88@sciencedirect.com,2,13652957662,26/09/2018
298,Dalia,Vowells,08/06/1995,45,5132046709,dvowells89@go.com,1,92676836696,12/02/2019
299,Pebrook,Percival,27/01/1939,30,1031601885,ppercival8a@bing.com,2,61471190209,18/01/2019
300,Erminie,Blakemore,07/02/1986,96,9113330607,eblakemore8b@storify.com,3,52396353185,15/11/2018
301,Mitch,Bulstrode,25/01/1929,88,6013212798,mbulstrode8c@bluehost.com,1,70069421965,05/03/2019
302,Kathrine,Bisiker,23/01/1945,89,4001495963,kbisiker8d@ow.ly,3,79100730077,16/06/2018
303,Derril,MacMeekan,15/02/1934,35,6906789167,dmacmeekan8e@wufoo.com,3,27007886494,23/07/2018
304,Wanids,Carrier,11/04/1955,69,6159993477,wcarrier8f@dmoz.org,3,17286942361,29/07/2018
305,Stephenie,Woodger,15/03/1977,68,7077708307,swoodger8g@xinhuanet.com,2,83722121138,19/04/2018
306,Julianna,Mortimer,10/06/1956,70,9102151976,jmortimer8h@microsoft.com,3,90297192660,29/10/2018
307,Chrysler,Bools,21/06/1953,59,5229498764,cbools8i@apple.com,2,71714730861,04/10/2018
308,Allene,Coda,04/04/1941,61,4875889839,acoda8j@ucoz.com,1,76397426803,21/12/2018
309,Morse,Train,12/04/1950,42,5201725530,mtrain8k@friendfeed.com,3,85131597061,24/04/2018
310,Melicent,Tyson,16/05/1971,55,1021086296,mtyson8l@imgur.com,2,36577418817,21/01/2019
311,Natalie,Brandham,17/03/1981,75,1858647773,nbrandham8m@plala.or.jp,3,67762685562,05/02/2019
312,Jay,MacLaughlin,29/01/2000,86,1878916078,jmaclaughlin8n@themeforest.net,2,33587206266,06/10/2018
313,Florenza,Rispine,08/11/1936,58,7467453057,frispine8o@marriott.com,1,41261247712,10/04/2018
314,Rikki,Mulhall,13/07/1987,31,7588597691,rmulhall8p@imdb.com,3,18322615367,16/04/2018
315,Rebecca,Brydon,06/03/1996,72,3459640112,rbrydon8q@seattletimes.com,3,68253466640,23/10/2018
316,Gawain,D'Ambrosi,25/01/1983,10,4967082804,gdambrosi8r@godaddy.com,1,58471794531,24/04/2018
317,Carol,Junkin,12/11/1979,98,3826744143,cjunkin8s@bizjournals.com,3,84971957413,19/01/2019
318,Georgine,Foggarty,15/07/1955,22,2262757064,gfoggarty8t@woothemes.com,3,77492046015,22/12/2018
319,Kristi,Sheere,15/02/1991,88,4587901035,ksheere8u@zdnet.com,1,42556689948,10/01/2019
320,Shaun,Castleman,08/07/2006,31,9442160136,scastleman8v@canalblog.com,1,69066695955,27/11/2018
321,Baryram,Assur,28/05/1964,40,1839393619,bassur8w@clickbank.net,1,65236213401,24/05/2018
322,Mellicent,Gagin,11/12/1921,76,5829155792,mgagin8x@cnn.com,1,61248806326,06/11/2018
323,Leena,Strass,29/09/2004,20,5104342958,lstrass8y@photobucket.com,1,88698579313,18/01/2019
324,Viviene,Budleigh,07/11/1967,25,2354645169,vbudleigh8z@ameblo.jp,1,42585335965,27/01/2019
325,Cirstoforo,Morfey,12/09/2016,36,6689136301,cmorfey90@google.com.hk,2,68539068282,15/04/2018
326,Art,Hedin,05/12/2008,93,7396569930,ahedin91@google.it,3,40375032511,21/04/2018
327,Lucien,Lutas,07/04/2017,44,1512440863,llutas92@gizmodo.com,1,74289252974,09/05/2018
328,Georgeta,Dominelli,27/02/1984,10,9523852029,gdominelli93@marketwatch.com,3,26269023976,26/03/2018
329,Dale,Skough,12/12/2012,68,5279009154,dskough94@si.edu,3,75078337384,24/06/2018
330,Dahlia,Feige,08/03/1993,50,3475538717,dfeige95@bigcartel.com,1,93129574338,26/05/2018
331,Brynn,Trees,02/09/1956,17,3994652707,btrees96@spotify.com,1,39967514613,30/06/2018
332,Amara,Braga,17/04/2005,25,6355754311,abraga97@goo.gl,1,27600234627,01/01/2019
333,La verne,Soffe,11/10/1965,77,4053931985,lsoffe98@bandcamp.com,2,96820660513,21/10/2018
334,Odo,Crus,09/04/1935,40,2465569913,ocrus99@boston.com,2,29921712372,20/07/2018
335,Laurie,Fluit,07/10/1959,67,6284110498,lfluit9a@qq.com,3,14061077789,04/07/2018
336,Taffy,Muirhead,14/11/1955,91,8303134604,tmuirhead9b@elegantthemes.com,1,47531664754,08/02/2019
337,Danna,Tibbs,24/12/1982,12,2629457704,dtibbs9c@exblog.jp,3,46427269607,13/12/2018
338,Cesare,Sture,14/03/2001,55,1094098571,csture9d@w3.org,3,13593274062,20/09/2018
339,Tremain,Ling,17/07/1934,38,3465806726,tling9e@eventbrite.com,3,26724071177,01/02/2019
340,Albrecht,Cahalan,02/09/1989,86,9946241056,acahalan9f@nifty.com,2,14457272221,04/07/2018
341,Harley,Perks,28/07/1924,88,4505428053,hperks9g@mapy.cz,1,70347469595,13/11/2018
342,Frasquito,Dorling,26/10/1977,27,7496710659,fdorling9h@sogou.com,2,34472296098,13/05/2018
343,Nannie,Vellender,12/05/2004,21,5602096329,nvellender9i@webs.com,2,80310974989,12/04/2018
344,Phyllys,Wernher,20/03/1989,74,2254480913,pwernher9j@chronoengine.com,2,66625994945,28/10/2018
345,Jyoti,Raw,24/07/1950,59,2523729045,jraw9k@com.com,1,68477660920,28/10/2018
346,Micki,Cussons,14/01/1960,89,7747622651,mcussons9l@wordpress.org,1,45874406526,11/06/2018
347,Leontine,Fulker,08/06/1987,68,2384362606,lfulker9m@usnews.com,1,11948017608,16/02/2019
348,Klara,Forsaith,17/02/2012,11,7185050581,kforsaith9n@archive.org,2,16842954961,16/02/2019
349,Helen-elizabeth,Pow,01/01/1991,1,6201958023,hpow9o@fema.gov,1,31144081762,13/06/2018
350,Kimberley,Smalley,12/04/1974,2,5396858732,ksmalley9p@ft.com,2,78735002370,02/01/2019
351,Kylie,Treacy,08/06/1992,97,1003410146,ktreacy9q@weibo.com,1,21486594850,23/09/2018
352,Rosella,Lohrensen,03/01/1987,8,5023972245,rlohrensen9r@last.fm,3,11622173652,27/11/2018
353,Cathee,Rodson,07/08/1999,77,3863182687,crodson9s@reverbnation.com,3,50596294213,16/04/2018
354,Brynne,Paylor,11/12/1937,52,7939632957,bpaylor9t@123-reg.co.uk,1,72298136942,09/01/2019
355,Constantine,Abrey,09/02/2019,3,8096458733,cabrey9u@google.pl,2,27505760254,03/05/2018
356,Rea,McCorrie,21/07/1942,60,5854625109,rmccorrie9v@over-blog.com,3,82967439174,29/12/2018
357,Perry,Earry,27/05/1953,44,8737178910,pearry9w@usda.gov,1,53236821017,28/12/2018
358,Kippie,Jeannard,10/10/1984,84,2018849656,kjeannard9x@taobao.com,2,22395593091,24/06/2018
359,Rudd,Kremer,30/04/2005,10,9746248301,rkremer9y@cam.ac.uk,3,85373213403,29/06/2018
360,Astrid,Liggens,08/09/1950,65,3963938959,aliggens9z@so-net.ne.jp,1,55907800434,02/12/2018
361,Timothea,Apfler,07/09/1997,59,8595505129,tapflera0@pcworld.com,2,59918941399,13/08/2018
362,Udell,Overton,28/03/1986,20,4142894000,uovertona1@biglobe.ne.jp,1,66198854973,07/06/2018
363,Guilbert,Morcom,03/11/1936,90,8268993371,gmorcoma2@hugedomains.com,2,16656969825,27/08/2018
364,Finley,Baalham,26/10/1987,23,5093013893,fbaalhama3@google.co.jp,3,95121397277,08/05/2018
365,Clarie,Heckney,27/08/1919,14,3237054118,checkneya4@sakura.ne.jp,3,57211944997,31/01/2019
366,Ketti,Bragger,19/10/2013,39,7876333897,kbraggera5@aboutads.info,2,32264528553,09/09/2018
367,Shandie,Cyster,28/10/2004,98,9825985157,scystera6@icio.us,3,31130426903,14/08/2018
368,Wyndham,Kervin,09/12/1963,48,9092195565,wkervina7@imgur.com,3,97969364081,15/01/2019
369,Artemis,Ducker,12/02/1956,59,1184337618,aduckera8@geocities.com,3,56305076116,04/01/2019
370,Friedrich,Francomb,18/06/2001,100,2662150357,ffrancomba9@marriott.com,1,93306194033,06/01/2019
371,Emmott,Rudderham,24/08/1952,48,6395790059,erudderhamaa@theglobeandmail.com,1,97187508475,21/11/2018
372,Curr,Stoddart,31/03/1955,9,8817902522,cstoddartab@microsoft.com,1,90223833032,13/02/2019
373,Georgette,Oakden,30/08/1988,94,1156960055,goakdenac@sakura.ne.jp,1,68958813923,14/08/2018
374,Rafi,St Ange,11/03/2007,65,2739699264,rstangead@irs.gov,3,31256185464,10/06/2018
375,Niki,Murison,23/11/1987,52,5589630477,nmurisonae@odnoklassniki.ru,2,45553996043,22/04/2018
376,Lurette,McEneny,20/06/2007,76,7478764068,lmcenenyaf@narod.ru,1,87871110239,09/11/2018
377,Edgar,Josuweit,22/10/1990,13,6521781729,ejosuweitag@so-net.ne.jp,2,65034228472,23/12/2018
378,Dulsea,Mainland,28/07/1931,53,9091805330,dmainlandah@storify.com,1,42521934421,24/09/2018
379,Sasha,Edington,15/07/1980,98,6768823967,sedingtonai@cyberchimps.com,1,41226539764,05/06/2018
380,Lynnett,Toyer,29/09/1927,97,6488917731,ltoyeraj@fastcompany.com,2,17863888418,15/12/2018
381,Kelli,Attwater,27/12/1934,97,7416014996,kattwaterak@51.la,2,35276349716,24/09/2018
382,Maureen,Peaple,18/04/1928,2,9804141390,mpeapleal@mapy.cz,1,16652950392,24/01/2019
383,Hector,Cranton,08/07/1949,24,9068695498,hcrantonam@wp.com,1,88095134076,14/10/2018
384,Becka,Pirdue,27/11/1967,54,6762562989,bpirduean@jugem.jp,1,63308162523,08/10/2018
385,Christal,Bestwerthick,25/04/1995,17,9758411066,cbestwerthickao@java.com,2,53369003191,29/06/2018
386,Arther,Lartice,30/04/1934,89,4226075897,alarticeap@ow.ly,1,92465046326,23/05/2018
387,Rem,Ruscoe,05/04/1944,27,3292534590,rruscoeaq@uiuc.edu,1,65866682676,18/05/2018
388,Bev,Gilbeart,19/10/1938,82,9738883474,bgilbeartar@typepad.com,1,38793406981,11/07/2018
389,Shari,Crocetti,11/08/1961,2,6378467111,scrocettias@alibaba.com,3,98610938805,28/03/2018
390,Pansie,Hudd,04/11/1998,57,5706352316,phuddat@admin.ch,1,21926095189,24/08/2018
391,Krispin,Muffen,12/01/2016,12,7686233416,kmuffenau@photobucket.com,2,74219627365,17/01/2019
392,Myrtia,Stirley,04/01/2014,16,4591658553,mstirleyav@ycombinator.com,3,27004740797,07/01/2019
393,Aloise,McLenaghan,15/04/1963,29,7508373409,amclenaghanaw@desdev.cn,2,12256453795,06/09/2018
394,Reilly,Heeron,13/02/1998,73,6561089547,rheeronax@unesco.org,3,82492766078,23/11/2018
395,Ketty,Klempke,07/05/1957,44,3673563185,kklempkeay@pinterest.com,1,86955025288,31/07/2018
396,Caroljean,Snowball,24/09/2012,22,7139680479,csnowballaz@360.cn,2,48820684611,07/05/2018
397,Meara,Bragginton,21/08/2015,83,5097260247,mbraggintonb0@hp.com,2,13889558660,17/12/2018
398,Terri,Sketcher,04/06/1981,10,9936569220,tsketcherb1@si.edu,1,78580037904,13/12/2018
399,Kylen,Giamitti,06/05/1939,47,8737278951,kgiamittib2@ox.ac.uk,3,50520966847,25/08/2018
400,Ophelie,Hardcastle,06/07/1919,60,6994238543,ohardcastleb3@fastcompany.com,2,34208410423,31/03/2018
401,Stearn,Leving,17/11/1947,73,3996417432,slevingb4@imgur.com,2,94927229416,22/08/2018
402,Remus,Twinbourne,29/12/1961,35,4797038225,rtwinbourneb5@bloglovin.com,3,20679310845,02/12/2018
403,Hill,Moodie,15/04/1967,39,3093823982,hmoodieb6@salon.com,1,15092425367,15/10/2018
404,Nils,Bradnum,22/07/1995,83,3744975309,nbradnumb7@sciencedaily.com,1,54567697880,29/09/2018
405,Trescha,Youthed,21/11/1942,43,7837215129,tyouthedb8@nymag.com,2,49348646573,18/04/2018
406,Phylis,Langstone,13/12/1999,87,2846409566,plangstoneb9@goo.gl,3,46070242037,25/12/2018
407,Andra,Drohan,29/08/2006,73,3992667193,adrohanba@yolasite.com,2,93909998128,16/04/2018
408,Regan,Gillbee,12/05/1994,34,3036163997,rgillbeebb@barnesandnoble.com,1,62640521367,20/10/2018
409,Scarlet,Dunnet,01/03/1988,62,9777572902,sdunnetbc@simplemachines.org,1,17702164821,05/02/2019
410,Earlie,Worsell,15/05/1983,21,5143037546,eworsellbd@addthis.com,2,52019099824,28/02/2019
411,Theodora,Eisikovitsh,15/03/2018,16,5953225023,teisikovitshbe@dedecms.com,2,72909109707,20/01/2019
412,Athena,Manning,22/09/1973,27,5995199533,amanningbf@blogspot.com,1,35932870887,22/03/2018
413,Laurel,Autrie,11/04/1978,43,3444759564,lautriebg@booking.com,1,44830112843,17/08/2018
414,Ferdy,Chesser,28/11/1920,18,1412270279,fchesserbh@123-reg.co.uk,2,21817084934,25/03/2018
415,Stavros,Walder,09/08/1939,92,6292561224,swalderbi@xinhuanet.com,1,91872746084,26/07/2018
416,Danya,Grewe,23/08/1947,60,5929290730,dgrewebj@cmu.edu,3,79848878816,01/01/2019
417,Irwinn,Zecchinelli,24/03/2014,27,1303959598,izecchinellibk@businesswire.com,2,76019291137,13/10/2018
418,Viva,Swains,19/07/1968,59,2795625725,vswainsbl@issuu.com,2,24377026767,06/09/2018
419,Petunia,Krojn,26/09/1931,80,1692794872,pkrojnbm@people.com.cn,3,93246410441,19/04/2018
420,Egbert,Spoor,16/03/2012,68,5968175570,espoorbn@microsoft.com,2,59968444779,28/12/2018
421,Haleigh,Wiles,18/09/2016,6,2829305758,hwilesbo@omniture.com,3,41687154996,10/02/2019
422,Wakefield,Maxwaile,13/06/1937,18,1984559173,wmaxwailebp@gnu.org,2,91955859780,15/01/2019
423,Angus,Yellowley,26/11/2005,100,2594899227,ayellowleybq@spotify.com,1,59858141035,18/09/2018
424,Davide,Dabs,22/10/1973,51,9741258490,ddabsbr@jugem.jp,2,32383209346,10/04/2018
425,Hester,Pelz,10/07/1968,79,5034903137,hpelzbs@bloglines.com,1,33859745526,08/10/2018
426,Eudora,Lindeboom,21/01/1967,55,6309956492,elindeboombt@google.cn,3,19802355906,15/01/2019
427,Tara,Goodbarne,08/07/1935,65,8379855472,tgoodbarnebu@cmu.edu,2,36810816312,02/08/2018
428,Selma,Rayment,12/04/2007,30,4804257459,sraymentbv@spotify.com,3,33406779044,13/09/2018
429,Jobina,MacCarroll,20/05/1968,50,6835571262,jmaccarrollbw@zimbio.com,1,62374370095,23/05/2018
430,Rhianon,Mussetti,14/08/1971,20,1537828930,rmussettibx@zdnet.com,3,20373979585,20/03/2018
431,Andriette,Render,25/06/2000,96,2435468639,arenderby@aol.com,2,94681212881,06/08/2018
432,Anne-marie,Froude,27/12/1948,26,4045146913,afroudebz@feedburner.com,3,20768460634,18/11/2018
433,Iolande,Scourge,06/04/1960,72,1592185042,iscourgec0@trellian.com,2,40512107767,20/12/2018
434,Tresa,Mowle,08/04/1979,10,1331705042,tmowlec1@unblog.fr,1,74961420738,05/03/2019
435,Felicia,Lockhart,13/12/1982,74,4594976852,flockhartc2@usatoday.com,2,96341506200,29/11/2018
436,Warren,Pritchett,10/08/1995,71,7788548938,wpritchettc3@pagesperso-orange.fr,2,28586635262,15/02/2019
437,Filippo,Baribal,30/01/1992,29,7097125694,fbaribalc4@forbes.com,2,57885310897,01/11/2018
438,Roberto,Wittke,30/05/1977,99,8187416458,rwittkec5@tmall.com,1,66448588681,02/03/2019
439,Uriel,Torrejon,21/09/1964,5,5521006979,utorrejonc6@nationalgeographic.com,1,77847562818,19/06/2018
440,Markus,Frowen,12/08/1946,36,1931204901,mfrowenc7@cargocollective.com,3,86019605731,09/01/2019
441,Waylen,Mordey,13/03/1983,11,5307523061,wmordeyc8@gnu.org,1,35367519573,11/04/2018
442,Selina,Smaile,16/07/1926,100,9624698004,ssmailec9@goo.ne.jp,3,15049336698,24/11/2018
443,Dun,Pighills,22/09/1936,16,2445510155,dpighillsca@digg.com,1,48383020986,20/12/2018
444,Hastie,Dorgan,07/06/1993,92,2573948885,hdorgancb@typepad.com,1,17515837217,16/04/2018
445,Dav,Frankish,19/06/1978,44,4123500580,dfrankishcc@sbwire.com,1,91003447543,17/12/2018
446,Hanni,Szymanski,12/02/1978,13,5699864218,hszymanskicd@yolasite.com,3,77407531910,08/01/2019
447,Alis,Ainscough,31/08/1971,55,6223488708,aainscoughce@dell.com,2,90699771705,28/09/2018
448,Rance,Wooff,28/12/1959,88,3964822423,rwooffcf@privacy.gov.au,2,80614047302,01/04/2018
449,Giacomo,Mc Meekan,31/10/1966,85,7777606026,gmcmeekancg@godaddy.com,3,71128609253,28/10/2018
450,Sanson,Quaintance,31/01/1990,98,9991642810,squaintancech@rediff.com,3,34454475007,24/10/2018
451,Holly,Everex,22/06/1981,44,9011522264,heverexci@wisc.edu,3,61375737583,14/07/2018
452,Ruby,Bream,10/06/1947,64,6673086188,rbreamcj@sfgate.com,3,23436249547,10/06/2018
453,Baryram,Glyn,02/07/1946,7,6609987093,bglynck@spotify.com,1,20580597119,10/12/2018
454,Clint,Milksop,20/06/2001,63,7524979696,cmilksopcl@blogs.com,1,98118214060,23/08/2018
455,Jarvis,Jennings,08/06/2005,84,6245404617,jjenningscm@howstuffworks.com,1,69368689849,11/10/2018
456,Courtenay,Goodband,03/03/1964,93,4078580556,cgoodbandcn@aboutads.info,2,17216966839,18/06/2018
457,Hernando,Shuttell,14/08/1972,56,4966277426,hshuttellco@twitpic.com,1,45814079988,16/10/2018
458,Leanna,Kohnen,02/06/1929,37,7998458036,lkohnencp@umn.edu,1,44658336920,01/10/2018
459,Meg,Shoebotham,05/06/1928,21,4334970102,mshoebothamcq@blogger.com,1,63675996170,14/02/2019
460,Dorothy,Young,05/04/1927,56,9386201012,dyoungcr@tiny.cc,2,34060269521,10/10/2018
461,Antoni,Donativo,12/05/1971,2,5197066435,adonativocs@biblegateway.com,1,22093418715,16/08/2018
462,Graehme,Mallabon,14/01/1973,68,1365172352,gmallabonct@indiatimes.com,2,47007578460,05/04/2018
463,Irwinn,Siggins,23/11/1997,9,2778556610,isigginscu@goo.ne.jp,3,23933231663,23/08/2018
464,Ive,Mallabon,30/11/2001,65,7699436554,imallaboncv@ehow.com,1,80836033682,18/09/2018
465,Merry,O' Shea,29/12/1986,37,9919444373,mosheacw@illinois.edu,2,20734104963,01/03/2019
466,Ginnie,Tidmarsh,05/03/1920,93,4605725288,gtidmarshcx@sakura.ne.jp,1,69206843153,14/12/2018
467,Karyl,Boyan,05/05/1975,17,6147042785,kboyancy@ucsd.edu,1,62516303753,28/11/2018
468,Sansone,Hallgarth,15/09/1943,40,6899544526,shallgarthcz@google.es,2,18059566416,31/01/2019
469,Emmey,Muffitt,10/08/1928,53,1355414607,emuffittd0@marketwatch.com,2,40820360751,16/05/2018
470,Teodorico,Aizkovitch,19/04/1925,35,9359454326,taizkovitchd1@blogs.com,1,51347991943,28/10/2018
471,Wes,Meynell,03/03/1929,96,2246239654,wmeynelld2@buzzfeed.com,2,92142593420,09/05/2018
472,Aggie,Foxton,25/03/1974,9,5852156221,afoxtond3@wikispaces.com,2,11198595320,02/09/2018
473,Izzy,Bevar,29/10/2002,84,1138430340,ibevard4@deviantart.com,1,77854512538,12/08/2018
474,Berri,Heining,20/08/1941,53,8055843330,bheiningd5@github.com,1,94823417066,26/12/2018
475,Prince,Poolton,17/07/1927,1,7204847317,ppooltond6@zimbio.com,2,58774692363,05/08/2018
476,Trey,Vosper,15/10/1996,23,3597252413,tvosperd7@mediafire.com,1,69481351230,24/12/2018
477,Shaylah,Widdowes,10/01/2003,42,5955937570,swiddowesd8@photobucket.com,1,28803876485,01/06/2018
478,Ashlen,Briddock,15/08/1967,63,6453455685,abriddockd9@hhs.gov,1,30140314895,14/10/2018
479,York,Massinger,17/01/1919,63,1331678681,ymassingerda@examiner.com,2,99466551964,27/05/2018
480,Jedidiah,Skamal,08/12/1946,10,2832674904,jskamaldb@edublogs.org,2,26238035279,31/12/2018
481,Remington,Buffery,09/01/1967,78,6126897990,rbufferydc@goodreads.com,1,72701318019,22/09/2018
482,Shena,Blodgett,09/01/1976,28,5707699460,sblodgettdd@blogtalkradio.com,1,25924871485,15/07/2018
483,Moise,Lammerich,19/08/1970,46,8893257121,mlammerichde@paypal.com,3,75173764566,29/06/2018
484,Felic,Jimson,09/02/1962,83,2964297116,fjimsondf@ycombinator.com,1,89457141713,15/01/2019
485,Juliane,Mayor,12/10/1991,66,1927287805,jmayordg@github.io,2,45349701575,15/03/2018
486,Tedda,Cambden,29/05/1953,54,3305590519,tcambdendh@live.com,1,72798301502,17/03/2018
487,Catherina,Grishmanov,20/09/1950,86,3243027034,cgrishmanovdi@biblegateway.com,3,70604888534,25/04/2018
488,Rorke,Bifield,20/06/1926,90,4176634767,rbifielddj@wikispaces.com,2,18726794693,04/04/2018
489,Lila,Swindin,11/11/2004,49,4049824458,lswindindk@weebly.com,3,52046925049,10/02/2019
490,Talbert,Schultes,28/05/1932,69,2298426124,tschultesdl@desdev.cn,2,98359338595,07/10/2018
491,Rock,Eller,27/05/1924,3,8017314847,rellerdm@samsung.com,3,19220134778,17/09/2018
492,Dora,Hamlet,06/11/1930,89,1521831030,dhamletdn@blogger.com,3,56305411927,18/08/2018
493,Mort,Keedy,06/12/1920,43,8967302695,mkeedydo@xinhuanet.com,3,63696835240,28/08/2018
494,Roxanna,Roswarne,29/08/1993,63,1115609782,rroswarnedp@uiuc.edu,2,61062793277,19/10/2018
495,Abagail,MacIver,14/02/1969,75,5364718842,amaciverdq@indiegogo.com,1,71654878918,21/04/2018
496,Astrix,Jumel,31/01/1965,54,5801316804,ajumeldr@utexas.edu,1,50721581538,23/02/2019
497,Fidelity,Cheesworth,28/03/1983,93,6356453562,fcheesworthds@elegantthemes.com,3,44248325836,03/03/2019
498,Chaddy,Reddington,03/10/2007,67,4057784519,creddingtondt@google.com.br,3,36857270316,29/04/2018
499,Kyle,Duncklee,18/07/1932,24,6625911328,kdunckleedu@army.mil,2,54640844601,03/08/2018
500,Chlo,Mc Harg,21/07/1967,98,9085490193,cmchargdv@google.com.br,1,19310666210,22/02/2019
501,Odetta,Allsep,28/02/1927,69,1617998761,oallsepdw@wired.com,1,33441467459,14/02/2019
502,Samuel,Trett,10/01/1935,75,2224059580,strettdx@fda.gov,2,67902857468,12/09/2018
503,Mord,Mariel,10/02/1957,52,6189345726,mmarieldy@slashdot.org,2,82019689249,20/04/2018
504,Tamarah,Ingleby,18/09/1972,17,2187273050,tinglebydz@barnesandnoble.com,1,31032246747,13/07/2018
505,Travus,Randlesome,21/06/1972,13,7028464195,trandlesomee0@taobao.com,1,53090003814,01/01/2019
506,Romy,Spoward,02/09/1955,65,6892343518,rspowarde1@pinterest.com,2,88925590631,26/11/2018
507,Mara,Killwick,20/04/1963,51,9552158404,mkillwicke2@gravatar.com,3,89649590670,13/04/2018
508,Archie,Jopson,24/08/1948,79,3537622768,ajopsone3@irs.gov,2,28687626062,19/03/2018
509,Stafani,Matts,25/06/1998,68,9137634758,smattse4@ameblo.jp,3,79760759861,12/11/2018
510,Deeyn,Wauchope,26/10/1992,6,1755081785,dwauchopee5@dell.com,2,92670696224,09/01/2019
511,Ruttger,Delue,17/09/1964,71,7924216639,rdeluee6@home.pl,3,11641937735,13/08/2018
512,Daniel,Skein,29/05/1969,21,6868484445,dskeine7@wikipedia.org,2,68699251235,04/03/2019
513,Kellsie,Shorten,24/03/1920,62,7892837626,kshortene8@squarespace.com,2,18456956876,12/04/2018
514,Hagen,Basilio,12/04/1978,22,4824428481,hbasilioe9@goodreads.com,3,36077958891,22/12/2018
515,Hasty,Dunkersley,19/06/2016,42,9049114364,hdunkersleyea@twitpic.com,2,89632202134,13/12/2018
516,Vick,Easbie,04/11/1978,92,8629240882,veasbieeb@comsenz.com,2,66088503258,15/07/2018
517,Galvan,Neilson,08/03/1978,36,1544044205,gneilsonec@angelfire.com,2,23392285390,27/06/2018
518,Mariana,Courtese,28/12/1922,85,3042873571,mcourteseed@hexun.com,1,19906561353,25/08/2018
519,Brooks,Dust,12/12/1993,86,3368873495,bdustee@samsung.com,3,77671742079,13/03/2018
520,Janina,Merriment,10/03/2018,75,1345817161,jmerrimentef@yale.edu,2,11891327438,11/02/2019
521,Stefania,Gamell,16/05/1922,100,7297358659,sgamelleg@pinterest.com,2,56719921645,28/12/2018
522,Jacki,Calvert,14/01/1952,38,4206751880,jcalverteh@yellowbook.com,3,99963056476,28/02/2019
523,Alvera,Augustine,11/12/1968,39,5827710709,aaugustineei@ihg.com,2,81493824225,24/08/2018
524,Bobby,Pavek,27/10/1956,61,1735418808,bpavekej@yellowbook.com,1,65816377556,28/05/2018
525,Keven,Huie,28/12/1934,3,3308954864,khuieek@illinois.edu,1,97286085384,02/06/2018
526,Grete,Rigglesford,16/11/1921,55,5145429892,grigglesfordel@furl.net,1,71895367295,20/04/2018
527,Dennison,Tither,28/03/2014,90,5021787661,dtitherem@nymag.com,3,65015708552,13/02/2019
528,Abbot,Mylechreest,18/01/1965,22,8022287867,amylechreesten@foxnews.com,2,19313075934,07/02/2019
529,Ulric,Lankester,03/09/1956,71,7237336285,ulankestereo@un.org,2,43116016221,09/06/2018
530,Bertine,Behan,28/11/1918,61,6956898933,bbehanep@delicious.com,1,78274475694,10/03/2018
531,Alana,Coulthard,02/12/2012,72,5581381458,acoulthardeq@globo.com,2,51219428893,17/03/2018
532,Quintilla,Esome,25/04/1998,89,5123911114,qesomeer@gnu.org,2,11742777871,20/12/2018
533,Elisha,Lawful,28/06/2018,33,5162588287,elawfules@ihg.com,3,49210785693,01/03/2019
534,Annecorinne,Benezet,05/10/1926,1,9257976264,abenezetet@homestead.com,3,49203766141,01/04/2018
535,Dyan,Truckell,23/09/1991,97,1088993647,dtruckelleu@yellowbook.com,3,23886221420,04/04/2018
536,Emmalyn,Langtry,11/12/1980,4,8378226312,elangtryev@fda.gov,2,11323684768,16/01/2019
537,Maisie,Hollindale,13/02/1924,50,9731671035,mhollindaleew@kickstarter.com,1,73338429705,20/08/2018
538,Robb,Escoffrey,14/02/1937,15,5307966434,rescoffreyex@163.com,1,26812945957,01/09/2018
539,Adler,Furlonge,26/08/2000,74,8486257626,afurlongeey@reddit.com,2,35736761970,30/09/2018
540,Ravi,Tremathick,20/07/1970,92,6112896822,rtremathickez@myspace.com,1,58047156934,22/11/2018
541,Terrie,Begin,08/10/2009,90,1426053353,tbeginf0@jalbum.net,1,41934565138,27/08/2018
542,Foss,Balassa,08/07/2010,84,4335739387,fbalassaf1@myspace.com,1,28125625646,28/08/2018
543,Rafaelia,Griffitts,06/09/1945,70,5688247938,rgriffittsf2@t-online.de,1,19113801019,13/05/2018
544,Yorgo,Styles,08/08/1966,15,5137780222,ystylesf3@typepad.com,3,63468577373,04/11/2018
545,Addy,Gaitskill,28/07/1961,5,8008513227,agaitskillf4@bandcamp.com,1,94320127305,26/07/2018
546,Felicle,Vazquez,13/11/1952,98,4921146356,fvazquezf5@hugedomains.com,2,90197186722,05/06/2018
547,Rora,Dudenie,31/12/1966,86,2685109901,rdudenief6@ebay.com,2,59878633243,25/07/2018
548,Adriaens,Rickards,12/08/2012,68,5887600528,arickardsf7@spiegel.de,1,35183009522,11/05/2018
549,Ivonne,Connal,10/07/1980,58,2767182869,iconnalf8@un.org,1,60538913787,25/10/2018
550,Collie,Duell,02/04/1923,63,3097788751,cduellf9@utexas.edu,3,29128793514,29/08/2018
551,Selina,Reubbens,28/02/1952,27,4241031019,sreubbensfa@blogtalkradio.com,3,66373496954,26/12/2018
552,Yard,Drover,15/07/1992,33,1236584696,ydroverfb@oracle.com,3,56150563766,08/05/2018
553,Kliment,Curror,09/08/1959,34,2392002613,kcurrorfc@about.com,3,54948946894,23/09/2018
554,Fara,Inkin,03/02/1979,85,6275791907,finkinfd@hc360.com,1,63439127901,27/11/2018
555,Imelda,Males,12/05/1963,65,4151034708,imalesfe@drupal.org,1,44417087424,12/02/2019
556,Jewell,Penhaligon,31/05/1988,55,2374125738,jpenhaligonff@bigcartel.com,3,87950212621,11/06/2018
557,Hillary,Dingsdale,21/01/1969,61,7446671103,hdingsdalefg@youtu.be,1,15833817156,25/11/2018
558,Cordie,Parbrook,02/06/2007,38,2081863211,cparbrookfh@businessinsider.com,2,67034052429,01/08/2018
559,Shara,Ogus,23/05/1956,69,2696620832,sogusfi@army.mil,1,54322354603,03/10/2018
560,Agathe,Keasey,01/03/1932,48,3539260795,akeaseyfj@house.gov,3,59837726943,12/05/2018
561,Monroe,Joontjes,27/08/1977,55,9168961912,mjoontjesfk@netscape.com,2,70365793448,19/10/2018
562,Robinetta,Rivalland,29/06/1958,42,4771977598,rrivallandfl@wikimedia.org,1,85973704537,15/06/2018
563,Gwyneth,Dudney,21/07/1942,22,8366421264,gdudneyfm@wsj.com,2,93574686651,01/08/2018
564,Grace,Vaskov,16/11/1994,66,1546594598,gvaskovfn@studiopress.com,1,67198951878,04/05/2018
565,Ebba,Findlow,26/07/1937,92,6993153855,efindlowfo@ehow.com,2,95552556340,11/11/2018
566,Mickey,Dreschler,31/05/1928,84,3017381786,mdreschlerfp@godaddy.com,1,46798786728,14/08/2018
567,Kippie,Loughton,11/08/1933,47,9076061587,kloughtonfq@joomla.org,3,99657441300,09/11/2018
568,Yasmin,Monnoyer,13/11/1929,24,4084188705,ymonnoyerfr@squarespace.com,2,94878155181,06/01/2019
569,Ailey,O'Currigan,25/04/1957,36,1566549238,aocurriganfs@ustream.tv,1,11337293170,23/06/2018
570,Hercules,Nurse,04/12/1992,70,2111179678,hnurseft@linkedin.com,3,96722109362,28/07/2018
571,Marcella,Tolerton,10/11/1918,24,5945386012,mtolertonfu@meetup.com,1,29218152148,18/05/2018
572,Mia,Arnaez,10/06/2006,9,4305761893,marnaezfv@wisc.edu,1,28890974593,15/09/2018
573,Stephine,Walch,05/12/1985,76,5265111494,swalchfw@hud.gov,1,62097811364,09/04/2018
574,Cyndia,Bisterfeld,02/05/1928,15,7397854050,cbisterfeldfx@eventbrite.com,3,56735593388,29/01/2019
575,Allard,Aitchison,21/01/1987,48,5639706421,aaitchisonfy@studiopress.com,2,20163004901,13/04/2018
576,Sallee,Lesek,23/12/1974,53,6785224036,slesekfz@ihg.com,2,29511566622,20/09/2018
577,Andrei,Abrahamoff,22/05/1974,45,7705967929,aabrahamoffg0@census.gov,1,56192211112,04/11/2018
578,Winthrop,Batrop,08/09/1936,100,1099197045,wbatropg1@dedecms.com,1,57673831009,06/02/2019
579,Angus,O'Shevlin,24/04/2015,30,9392691822,aoshevling2@thetimes.co.uk,1,95868078223,29/01/2019
580,Glori,Harlowe,29/05/2011,43,4234532220,gharloweg3@loc.gov,1,85291485724,12/09/2018
581,Fielding,Maxstead,14/02/1992,96,6581224191,fmaxsteadg4@yolasite.com,2,96528157885,28/03/2018
582,Lori,Ruffell,26/05/1998,40,9759551332,lruffellg5@imdb.com,2,65953150315,21/05/2018
583,Adam,Seakings,13/06/1988,70,5478281326,aseakingsg6@dropbox.com,3,86619004296,18/07/2018
584,Aldin,Tumini,31/03/1954,14,6704364261,atuminig7@fotki.com,1,73916296505,10/01/2019
585,Giorgio,Lutton,14/04/1939,92,2184678089,gluttong8@google.com.au,1,99855395035,14/08/2018
586,Neville,Caisley,12/01/1968,66,6384878625,ncaisleyg9@4shared.com,2,92211505219,14/08/2018
587,Sheeree,Attew,08/11/1944,53,3041176777,sattewga@cnbc.com,1,27038453003,19/12/2018
588,Mordy,Thamelt,08/11/1938,97,6422339504,mthameltgb@tiny.cc,1,67956129081,12/10/2018
589,Lamont,Opfer,25/02/1946,85,4548360347,lopfergc@alexa.com,2,81148390104,23/09/2018
590,Glyn,Rampling,22/10/1996,68,2939884155,gramplinggd@about.com,1,26875410047,20/10/2018
591,Concordia,Roskams,25/11/2016,57,8109522801,croskamsge@nba.com,3,61998512462,06/11/2018
592,Mack,Trevett,14/05/1923,99,9683596644,mtrevettgf@ovh.net,3,48947709044,17/08/2018
593,Salomi,Beckers,20/12/1945,12,4027979514,sbeckersgg@patch.com,2,38262826818,01/01/2019
594,Melania,Bartlomiej,08/10/1969,68,7513423580,mbartlomiejgh@blogtalkradio.com,3,75363754746,18/10/2018
595,Dorris,Trevor,18/05/1930,60,3166815115,dtrevorgi@amazon.co.jp,2,71847452624,25/02/2019
596,Corbin,Prewett,08/03/1971,49,3316381781,cprewettgj@geocities.com,2,64046907592,23/08/2018
597,Ynez,Grieve,12/04/1993,2,7022112833,ygrievegk@prweb.com,2,46480809946,10/11/2018
598,Bondon,Lelievre,09/02/2014,68,9022270271,blelievregl@webeden.co.uk,2,29954332810,02/07/2018
599,Drusi,Bithell,29/01/1933,97,8756621028,dbithellgm@miitbeian.gov.cn,2,11770240518,22/11/2018
600,Edwina,Delong,16/03/1933,63,1484722762,edelonggn@businesswire.com,3,30132004274,21/08/2018
601,Lancelot,Corss,15/08/1996,29,7495541779,lcorssgo@163.com,2,93302125705,12/03/2018
602,Sybilla,Roggers,14/05/2009,41,9351082156,sroggersgp@nytimes.com,2,21059770594,04/03/2019
603,Prudence,Blazdell,11/03/1956,19,8055516427,pblazdellgq@nytimes.com,1,29856041830,17/01/2019
604,Hyacinthie,Burnet,19/10/1968,67,5936360276,hburnetgr@yahoo.co.jp,3,87644079910,04/04/2018
605,Jenelle,Vallery,27/03/1975,48,4575957055,jvallerygs@hp.com,1,22878921092,21/08/2018
606,Hugo,M'cowis,20/09/1990,36,7095083510,hmcowisgt@cnet.com,1,46450978617,30/06/2018
607,Danny,Rustedge,30/05/1982,35,4657988057,drustedgegu@wufoo.com,2,62638503497,10/02/2019
608,Maddalena,Haslam,27/04/1954,6,2379188209,mhaslamgv@lulu.com,2,38733067302,18/06/2018
609,Fax,Celle,24/05/1951,87,8515292157,fcellegw@blogspot.com,2,43363452715,10/05/2018
610,Karmen,Barizeret,02/12/1938,93,4103051690,kbarizeretgx@huffingtonpost.com,2,61870532911,19/09/2018
611,Robb,Stuchberry,28/03/2009,14,2618287869,rstuchberrygy@amazon.co.jp,3,77319465076,18/07/2018
612,Bat,Glowacz,09/09/1989,81,4534258128,bglowaczgz@bbb.org,3,57593617416,30/12/2018
613,Brigitta,covino,08/09/1922,26,9692724144,bcovinoh0@pcworld.com,1,33448636606,01/06/2018
614,Galen,Gerrell,07/03/1992,8,5482326223,ggerrellh1@google.com,1,73680573695,19/08/2018
615,Rudolf,Ledgeway,09/06/1945,12,1195342234,rledgewayh2@intel.com,3,57381599174,09/07/2018
616,Becky,Cudd,27/03/1944,51,3742489368,bcuddh3@examiner.com,2,34789598230,15/02/2019
617,Ira,Haggus,18/10/1957,72,1437086383,ihaggush4@hexun.com,2,81182596950,19/02/2019
618,Edgar,Hollyer,19/06/1965,42,6158348611,ehollyerh5@skyrock.com,1,86554589095,07/10/2018
619,Dex,Yanshin,20/06/1963,7,8546807264,dyanshinh6@simplemachines.org,2,48017690378,17/03/2018
620,Shelden,Olerenshaw,08/12/1984,48,6921990544,solerenshawh7@vimeo.com,3,65380305065,05/09/2018
621,Lorain,Popescu,15/08/2008,70,1212781922,lpopescuh8@ucla.edu,3,93268407963,30/09/2018
622,Ansel,Dominy,14/10/1963,18,9558934346,adominyh9@reddit.com,3,43682773056,18/01/2019
623,Amalia,Howell,20/07/1948,30,1442963554,ahowellha@cbslocal.com,2,62526274171,12/01/2019
624,Katerina,Dowthwaite,12/05/1986,71,6405085682,kdowthwaitehb@goodreads.com,1,70933869917,12/03/2018
625,Charlot,Beaney,27/02/2016,2,5582142612,cbeaneyhc@squidoo.com,2,70709692270,11/08/2018
626,Darelle,Lamputt,02/06/1936,2,8377034972,dlamputthd@vk.com,3,37722056311,02/03/2019
627,Babita,Di Giacomettino,05/05/2015,73,5421228821,bdigiacomettinohe@telegraph.co.uk,1,82963306386,18/09/2018
628,Zaccaria,Townsend,11/11/1986,1,9357004234,ztownsendhf@webmd.com,2,51048778930,18/12/2018
629,Vito,Slimme,01/02/2009,73,2829160152,vslimmehg@webnode.com,2,46040675680,17/10/2018
630,Abby,Healeas,22/05/1920,51,7316773596,ahealeashh@umich.edu,2,56992228516,16/06/2018
631,Emlyn,Sieb,17/12/1962,59,2617448448,esiebhi@china.com.cn,2,40219052434,24/11/2018
632,Harcourt,Cozins,11/11/1928,68,7991338817,hcozinshj@tinypic.com,1,78981723347,03/10/2018
633,Holly-anne,Rycroft,30/03/1983,57,2744532972,hrycrofthk@spotify.com,3,47924813307,02/10/2018
634,Enoch,Loxley,08/05/1957,78,9741509275,eloxleyhl@soundcloud.com,3,88401297698,22/05/2018
635,Raina,Genthner,21/11/1980,78,5968211011,rgenthnerhm@tinypic.com,3,80918701221,29/08/2018
636,Blaire,Longfoot,30/08/1993,6,8051854301,blongfoothn@unicef.org,1,99339354110,05/12/2018
637,Nerte,Kennsley,30/11/1990,23,6422722581,nkennsleyho@feedburner.com,2,95487191393,12/05/2018
638,Eleni,Hardaway,30/09/2001,75,6218632641,ehardawayhp@opera.com,3,58754232750,21/04/2018
639,Amii,Lecordier,26/09/1987,17,3375264165,alecordierhq@cyberchimps.com,1,99500119966,03/08/2018
640,Simone,Zelley,14/09/1959,28,5377278205,szelleyhr@people.com.cn,3,63450537378,22/12/2018
641,Jenifer,Roderham,29/10/2017,56,6355616588,jroderhamhs@kickstarter.com,2,89512026608,23/09/2018
642,Tabor,Blackmoor,20/07/1922,15,1334731871,tblackmoorht@washington.edu,2,97618171335,18/05/2018
643,Ax,Colten,31/05/1978,50,3532176490,acoltenhu@squidoo.com,3,19437721149,27/02/2019
644,Shannon,Gianiello,06/02/2005,57,6318508692,sgianiellohv@irs.gov,1,63905112509,23/12/2018
645,Beaufort,Poncet,02/04/1966,20,6169199957,bponcethw@buzzfeed.com,3,92195169218,13/04/2018
646,Marten,Kealy,28/01/1940,39,8483675298,mkealyhx@rambler.ru,3,12063592797,18/08/2018
647,Ruben,Stanney,12/06/2010,47,3304010102,rstanneyhy@paypal.com,2,22088626380,15/08/2018
648,Klement,Faint,02/05/1963,60,4921348601,kfainthz@reddit.com,1,68527506881,10/08/2018
649,Latisha,Lestor,20/05/1976,11,4859365652,llestori0@scientificamerican.com,2,43687700800,18/11/2018
650,Dominick,Cicculini,25/10/1942,64,6703377336,dcicculinii1@list-manage.com,3,81459304471,28/06/2018
651,Ban,Bindley,05/11/2007,98,5404610948,bbindleyi2@miitbeian.gov.cn,2,65535081871,29/12/2018
652,Whitman,Esposi,11/04/1922,76,6381859253,wesposii3@squarespace.com,2,93588848294,05/03/2019
653,Kerby,Kittle,24/06/1966,3,1767519613,kkittlei4@yandex.ru,2,72273987997,13/07/2018
654,Spence,Gregs,04/09/1942,100,5576115734,sgregsi5@nih.gov,3,65349827086,16/05/2018
655,Gwenette,Tregent,13/06/1930,51,6575693339,gtregenti6@facebook.com,3,75552267261,07/12/2018
656,Rowney,McNeill,03/03/1945,77,9027524105,rmcneilli7@mapquest.com,3,58420504658,06/06/2018
657,Alfy,Coltart,18/08/1956,27,3036888777,acoltarti8@bigcartel.com,2,80084723562,06/09/2018
658,Sarine,Harce,24/08/1979,11,3934777377,sharcei9@unblog.fr,3,68621432717,09/04/2018
659,Harry,McIndoe,02/03/1990,45,7278158192,hmcindoeia@narod.ru,2,16213900950,19/09/2018
660,Jarred,Barwell,20/06/1965,35,1527867624,jbarwellib@tiny.cc,3,98272641360,29/08/2018
661,Kleon,Treske,08/12/1941,72,8891768361,ktreskeic@blogger.com,1,57124371423,13/08/2018
662,Phedra,McClosh,22/11/1995,50,7044382802,pmccloshid@dmoz.org,3,14822422764,29/09/2018
663,Nappy,Siderfin,05/07/1938,34,3689322195,nsiderfinie@independent.co.uk,1,82525642205,04/07/2018
664,Janelle,Karlicek,06/07/1964,26,1856323750,jkarlicekif@businesswire.com,3,99237415644,21/04/2018
665,Herschel,Fundell,31/03/2002,69,9949980922,hfundellig@photobucket.com,2,73872693519,15/01/2019
666,Ozzie,Huxter,24/08/1935,91,7653582031,ohuxterih@phoca.cz,2,48375715225,16/10/2018
667,Nichol,Josefsson,13/10/1975,44,4625191930,njosefssonii@statcounter.com,1,63882286486,24/05/2018
668,Devonne,Gill,27/01/1969,32,5091081286,dgillij@parallels.com,1,28470675121,22/08/2018
669,Birgitta,Schust,30/06/1957,26,4015550230,bschustik@google.ru,3,14206393652,05/05/2018
670,Roley,Van,29/06/1926,47,6039620106,rvanil@prweb.com,3,11227249861,28/04/2018
671,Elisabetta,Di Dello,01/04/1965,25,6675299334,edidelloim@yandex.ru,1,75398475385,13/04/2018
672,Ameline,Pattullo,14/02/1975,64,2578071445,apattulloin@narod.ru,1,98158201770,02/12/2018
673,Nicol,Blanko,23/08/2018,8,1394121785,nblankoio@dropbox.com,3,65923265717,13/08/2018
674,Eolanda,O'Cuddie,12/04/1990,56,4181569764,eocuddieip@elpais.com,3,79489802905,15/08/2018
675,Godiva,Leidl,23/12/1983,31,3742735045,gleidliq@surveymonkey.com,3,92477991391,22/09/2018
676,Judye,Simoncello,25/03/2011,16,9691670619,jsimoncelloir@icio.us,3,55241630154,03/04/2018
677,Rickert,Lindfors,22/08/2001,17,2527607454,rlindforsis@twitpic.com,3,96728296636,08/07/2018
678,Nicolai,Swatradge,15/01/1994,28,4471734812,nswatradgeit@mail.ru,2,50611482342,29/03/2018
679,Homere,Dougal,04/11/1943,97,4514050177,hdougaliu@bluehost.com,2,21313424540,11/01/2019
680,Bobbi,Duncombe,31/08/1979,13,8787898589,bduncombeiv@deliciousdays.com,1,47306985561,13/05/2018
681,Shir,Etheredge,05/05/1930,60,8354553988,setheredgeiw@businessinsider.com,3,31419876756,10/03/2018
682,Roseanne,Giovanni,18/12/2013,52,2746203327,rgiovanniix@indiatimes.com,3,92735334232,03/09/2018
683,Dredi,Cornelius,10/12/1977,31,4136342683,dcorneliusiy@privacy.gov.au,1,76958670733,30/05/2018
684,Thibaud,Brittin,03/07/1928,62,2397291600,tbrittiniz@theglobeandmail.com,2,24284042987,26/08/2018
685,Betsy,Wentworth,05/11/1936,60,6554412260,bwentworthj0@census.gov,3,51634620029,04/06/2018
686,Octavius,Penni,07/06/2001,16,5088998349,opennij1@bloglovin.com,2,50742955857,14/05/2018
687,Rianon,Peret,27/11/1957,5,7035697657,rperetj2@goo.gl,1,39735016999,17/12/2018
688,Vonni,Alecock,04/07/1988,65,2093279322,valecockj3@discovery.com,2,97622387941,03/03/2019
689,Pearl,Frankcom,05/11/1998,65,5413802328,pfrankcomj4@dyndns.org,1,51855805224,20/05/2018
690,Antonetta,Westphalen,01/08/1991,27,4077302252,awestphalenj5@hc360.com,2,51769550611,15/09/2018
691,Keefer,Shuttlewood,19/02/1954,30,7001564453,kshuttlewoodj6@kickstarter.com,3,79464024229,25/03/2018
692,Filmore,Abbe,27/11/1945,92,9573990287,fabbej7@hugedomains.com,2,67424643823,29/07/2018
693,Prince,Stoter,12/09/1943,52,2149676233,pstoterj8@ifeng.com,2,36556254942,07/05/2018
694,Athene,Nuzzi,12/02/1977,70,5048022143,anuzzij9@digg.com,3,90672873194,28/11/2018
695,Wenona,Halcro,21/07/1958,50,8317499487,whalcroja@i2i.jp,1,38064851947,25/03/2018
696,Harbert,Whybrow,27/06/2012,88,4616832205,hwhybrowjb@seesaa.net,2,37521382563,14/03/2018
697,Hayden,Tutton,12/01/1960,51,1155488949,htuttonjc@ucoz.ru,3,12693264882,03/12/2018
698,Stafani,Blazhevich,09/10/1937,11,7977556739,sblazhevichjd@taobao.com,2,39668003306,06/09/2018
699,Sonnie,Eilhermann,02/02/1949,62,2827111378,seilhermannje@google.com.au,2,69041510143,14/03/2018
700,Shina,Mansfield,16/04/1946,42,9188754168,smansfieldjf@desdev.cn,3,69452024584,29/01/2019
701,Oralee,Eccleston,23/01/1956,10,1585130559,oecclestonjg@blog.com,1,54397594714,21/10/2018
702,Marve,Cheng,02/02/1978,43,9442553953,mchengjh@google.it,3,79824893362,24/01/2019
703,Ellis,Harwick,19/02/1996,36,5093273452,eharwickji@europa.eu,3,62359746323,19/12/2018
704,Teddie,Franks,02/10/1968,84,6495690466,tfranksjj@cpanel.net,2,63514562986,28/04/2018
705,Salomi,Johnsee,10/10/1977,21,7005739058,sjohnseejk@icq.com,1,79127800467,10/11/2018
706,Franklyn,Blazeby,22/05/1918,5,2523639402,fblazebyjl@fema.gov,1,61463339119,08/02/2019
707,Janice,Keat,21/11/1990,17,9919101433,jkeatjm@gnu.org,1,63370874987,20/04/2018
708,Maddalena,Caughey,18/09/2009,20,4239102039,mcaugheyjn@hibu.com,3,70827936748,14/05/2018
709,Pepito,Shotboult,25/11/1930,97,2203563545,pshotboultjo@odnoklassniki.ru,2,74997042029,04/07/2018
710,Albertine,Harget,23/01/1961,100,3872387856,ahargetjp@dropbox.com,3,69948250264,12/10/2018
711,Richmound,Nesey,04/08/1981,49,4435631847,rneseyjq@wunderground.com,3,30269152004,22/01/2019
712,D'arcy,Milne,02/12/1995,19,5245855616,dmilnejr@nbcnews.com,1,29418856595,20/06/2018
713,Winfield,McGarahan,23/10/1926,5,7373804278,wmcgarahanjs@skyrock.com,3,19174412333,30/11/2018
714,Tore,Wearden,09/08/1965,20,8769366082,tweardenjt@wsj.com,1,34933032765,19/07/2018
715,Nealy,Micklem,29/11/1997,81,3357734604,nmicklemju@wordpress.org,2,96271429532,14/11/2018
716,Steffi,Tattam,01/10/1994,52,3505824074,stattamjv@pcworld.com,3,58570691486,30/12/2018
717,Svend,Rigate,24/12/1941,90,5023698287,srigatejw@indiegogo.com,1,99049652790,08/12/2018
718,Jewel,Lindenbluth,30/01/1932,25,9531316797,jlindenbluthjx@google.fr,1,79457335866,20/01/2019
719,Willyt,Geater,12/03/2006,57,5323290122,wgeaterjy@seesaa.net,3,66112928098,11/04/2018
720,Clarette,Skypp,05/10/1929,40,1591671755,cskyppjz@soundcloud.com,3,19096918284,21/09/2018
721,Cyrillus,Malitrott,28/11/1961,74,7106957044,cmalitrottk0@com.com,2,54657302066,16/08/2018
722,Demetra,Ledrane,05/02/1946,12,9828059022,dledranek1@de.vu,3,26524575641,27/11/2018
723,Jessi,Everson,13/11/2018,65,9408018020,jeversonk2@nbcnews.com,2,75974875799,19/01/2019
724,Klaus,Gaenor,11/05/1940,20,3317814491,kgaenork3@hhs.gov,3,35912931804,23/01/2019
725,Corissa,Bowbrick,29/05/1994,3,8556095878,cbowbrickk4@google.es,2,44232140325,31/07/2018
726,Mandi,Cranage,20/11/1966,81,5266055651,mcranagek5@telegraph.co.uk,3,37343054490,28/05/2018
727,Julius,Parmley,11/03/1950,50,5215364727,jparmleyk6@miitbeian.gov.cn,1,47614334917,10/01/2019
728,Melodie,Worsnap,21/06/1942,12,3136346255,mworsnapk7@infoseek.co.jp,2,41761173759,11/05/2018
729,Haroun,Minto,18/07/1994,98,5264616522,hmintok8@goodreads.com,2,42549296342,10/04/2018
730,Tedd,Androlli,21/11/1995,57,4354782583,tandrollik9@paginegialle.it,3,83463528587,16/09/2018
731,Jo-ann,Kaser,25/10/1987,20,4447282003,jkaserka@miibeian.gov.cn,3,14896043666,11/01/2019
732,Merwin,Siddall,16/10/1977,84,4318983593,msiddallkb@jigsy.com,2,97955321582,17/03/2018
733,Lorrayne,Caps,07/02/1957,21,5682612832,lcapskc@deviantart.com,3,79834681814,12/05/2018
734,Brade,Lurner,23/01/2007,44,7166348706,blurnerkd@artisteer.com,3,84861133536,20/07/2018
735,Theresa,Ghiotto,26/02/1981,79,7096252633,tghiottoke@discovery.com,3,19742411157,05/09/2018
736,Lizette,Raphael,25/03/1934,30,4301102981,lraphaelkf@mysql.com,2,49714043582,04/10/2018
737,Trenton,Ikin,24/07/1947,96,8506649921,tikinkg@berkeley.edu,1,88174584919,11/07/2018
738,Vaughan,Costley,26/08/1977,69,1346718152,vcostleykh@xinhuanet.com,2,97453378388,17/03/2018
739,Wald,Gregs,26/04/2014,41,7903208823,wgregski@issuu.com,2,21585438180,31/10/2018
740,Sayer,Laidel,14/06/2004,49,6898139594,slaidelkj@nbcnews.com,1,25197716006,27/01/2019
741,Tybi,Lacey,19/01/2009,10,4275001809,tlaceykk@php.net,1,96506357660,17/10/2018
742,Valerye,Earthfield,24/02/1983,66,3206279143,vearthfieldkl@prnewswire.com,1,55729606265,24/06/2018
743,Tanney,Spreull,13/12/1985,45,4121016125,tspreullkm@netvibes.com,3,60130085962,11/07/2018
744,Jyoti,Lyste,29/08/1973,41,2388260183,jlystekn@etsy.com,3,86996949130,21/04/2018
745,Ellynn,Corain,10/02/1955,71,4023965066,ecorainko@google.es,2,32878853237,10/06/2018
746,Andi,D'Costa,17/02/1964,71,8007832378,adcostakp@columbia.edu,2,99904067479,31/01/2019
747,Benito,Crose,15/04/1997,20,4988869878,bcrosekq@networkadvertising.org,1,91914893020,15/09/2018
748,Anatole,Golde,11/07/2010,92,2954068803,agoldekr@eepurl.com,3,84365006584,28/11/2018
749,Cort,Marmon,13/02/1971,52,6376511887,cmarmonks@fc2.com,2,14157000653,22/07/2018
750,Rey,O'Dogherty,13/01/1927,3,8342407720,rodoghertykt@bing.com,1,29989978715,02/10/2018
751,Carver,Scullard,13/01/2001,63,2994644255,cscullardku@ox.ac.uk,1,88342971119,18/04/2018
752,Ker,Buggs,06/07/1935,2,5065246855,kbuggskv@infoseek.co.jp,3,94176240183,21/02/2019
753,Carmelita,Phillis,03/10/1966,92,7453787710,cphilliskw@comcast.net,2,16029507855,30/12/2018
754,Allison,Bucher,26/09/1946,48,9048609835,abucherkx@go.com,1,55543642625,28/08/2018
755,Amabelle,Gravestone,20/05/1965,84,1083425776,agravestoneky@icq.com,2,96732958686,30/04/2018
756,Gardener,Hyett,04/04/1989,59,4803742736,ghyettkz@merriam-webster.com,1,48491385100,07/03/2018
757,Izak,Dudden,06/02/1920,90,6021345542,iduddenl0@netscape.com,3,63630655774,08/03/2018
758,Horacio,Brookesbie,05/08/1953,91,1753072635,hbrookesbiel1@pcworld.com,1,48065792653,27/06/2018
759,Rudolph,Melland,10/12/1992,21,4676298586,rmellandl2@toplist.cz,3,52536569566,17/08/2018
760,Leodora,Hegden,07/07/2013,69,4342799828,lhegdenl3@princeton.edu,1,79703242353,09/06/2018
761,Gwendolyn,Ainger,27/08/1991,50,3543917280,gaingerl4@histats.com,2,50865222268,30/12/2018
762,Cristine,Romanin,04/07/1944,38,7025142298,cromaninl5@loc.gov,1,77263645410,06/08/2018
763,Erv,Anfossi,05/01/1938,18,1617157062,eanfossil6@plala.or.jp,3,29307878931,01/07/2018
764,Rouvin,Codling,20/03/2009,13,9698224685,rcodlingl7@live.com,1,98586136552,27/12/2018
765,Odille,Flello,15/10/1996,28,5442633305,oflellol8@webeden.co.uk,2,56697266960,01/05/2018
766,Fiorenze,Hamfleet,19/05/1936,88,4032825905,fhamfleetl9@walmart.com,1,48224499041,23/04/2018
767,Dickie,Raikes,16/07/1966,60,9125522048,draikesla@bloglines.com,2,30374821141,20/04/2018
768,Dorita,O'Suaird,14/03/1933,66,8851424183,dosuairdlb@netvibes.com,3,58046363095,18/04/2018
769,Lucian,Dyshart,14/01/2003,86,8785771570,ldyshartlc@google.com.br,3,72399477930,08/04/2018
770,Ronica,Bordis,15/01/1953,39,9079280068,rbordisld@nytimes.com,2,69573303681,07/10/2018
771,Mac,Engel,17/02/1928,42,7115372371,mengelle@gmpg.org,3,53283056287,11/02/2019
772,Greg,St. Aubyn,28/09/2011,59,5628978760,gstaubynlf@comsenz.com,3,73242937935,09/03/2018
773,Paul,Riby,22/06/2017,87,9601090529,pribylg@yolasite.com,3,75314344598,26/08/2018
774,Lamont,Fenix,01/07/1998,17,2379842695,lfenixlh@baidu.com,1,78192784151,01/05/2018
775,Fawnia,Rainbird,01/09/1959,50,8725551797,frainbirdli@wordpress.org,2,28631186406,21/06/2018
776,Minny,Gumbrell,25/04/2014,11,4207909846,mgumbrelllj@shutterfly.com,2,62039228483,29/06/2018
777,Maisie,Andrichak,01/01/1938,29,8166873005,mandrichaklk@mediafire.com,1,79006284472,03/06/2018
778,Danell,Billany,26/07/2013,46,7087332340,dbillanyll@noaa.gov,3,56057842533,30/10/2018
779,Bill,Buessen,04/05/1952,100,6354199620,bbuessenlm@hexun.com,3,67537308730,26/04/2018
780,Tobey,Kibard,13/08/1971,63,5176419769,tkibardln@reverbnation.com,2,89423171878,21/06/2018
781,Gennie,Paulus,04/10/1950,48,1854167472,gpauluslo@symantec.com,3,29632360184,29/01/2019
782,Electra,Tipling,09/01/1999,13,4262204630,etiplinglp@cisco.com,3,12272847979,17/12/2018
783,Arch,Jeffcoat,03/05/1970,44,4641877922,ajeffcoatlq@ox.ac.uk,1,22629078819,15/01/2019
784,Jandy,Oles,17/10/1935,60,9281635274,joleslr@jalbum.net,3,60894758611,29/09/2018
785,Zacherie,Scroggs,19/08/1968,1,9887687332,zscroggsls@dailymotion.com,1,78095051457,11/02/2019
786,Constanta,D'eye,25/05/1991,69,7396550419,cdeyelt@posterous.com,2,12861639537,25/01/2019
787,Elmore,Shackell,29/07/1958,19,2829598980,eshackelllu@mtv.com,1,97242198734,29/07/2018
788,Celestina,Heugel,12/01/1955,20,7228039087,cheugellv@sciencedaily.com,2,92626432012,17/06/2018
789,Sheffy,McCoy,04/03/2019,60,7787795806,smccoylw@xinhuanet.com,2,60100272342,23/04/2018
790,Robinet,Mort,25/11/2017,58,2351363836,rmortlx@phoca.cz,3,43924645659,30/09/2018
791,Niccolo,Densumbe,15/11/1942,55,5113503243,ndensumbely@163.com,3,78840811007,10/09/2018
792,Frannie,Rickerd,05/07/1953,8,3867173746,frickerdlz@shutterfly.com,3,85344975902,13/06/2018
793,Ax,Grzelczak,21/10/1929,98,1085742090,agrzelczakm0@huffingtonpost.com,1,92333325495,10/05/2018
794,Tomkin,Beininck,08/10/1921,24,4667553728,tbeininckm1@usnews.com,1,42335036196,17/05/2018
795,Engelbert,Mollitt,16/12/1991,62,4281693258,emollittm2@istockphoto.com,2,46127265275,28/07/2018
796,Boyce,Perfili,19/03/2002,32,1072947739,bperfilim3@fema.gov,2,63697069847,30/06/2018
797,Jefferey,Treat,23/11/1922,50,1728036557,jtreatm4@desdev.cn,3,13147083886,10/05/2018
798,Chandler,Boeter,17/01/1991,36,9109442697,cboeterm5@sphinn.com,1,82259418506,14/06/2018
799,Mora,Haskey,01/02/2019,18,1403451376,mhaskeym6@twitpic.com,3,95601109523,23/02/2019
800,Twila,Airs,16/10/1947,41,4448898119,tairsm7@sohu.com,1,25002163660,28/07/2018
801,Maia,Seath,02/02/1936,85,8265576420,mseathm8@geocities.com,2,31216720149,23/03/2018
802,Prudi,Bridewell,28/10/1964,73,5544489284,pbridewellm9@rakuten.co.jp,3,51377067596,31/12/2018
803,Goddart,McGorman,15/11/1949,85,7501172709,gmcgormanma@1688.com,2,71858138356,28/07/2018
804,Husain,Zeale,16/08/1961,89,4318461493,hzealemb@accuweather.com,2,74488322117,19/06/2018
805,Yul,Humpatch,23/09/1998,48,1466747392,yhumpatchmc@lycos.com,3,78972793165,20/08/2018
806,Sergei,Philippard,02/03/2018,45,8394913775,sphilippardmd@diigo.com,3,74843526280,20/05/2018
807,Neddie,Duff,15/04/1945,72,1012117900,nduffme@time.com,3,45904305791,27/03/2018
808,Stanford,Sidery,03/08/1967,90,7478268117,ssiderymf@yahoo.co.jp,3,93935873098,24/11/2018
809,Consalve,Wasteney,30/12/1928,77,8884010121,cwasteneymg@tripod.com,2,35090566930,22/05/2018
810,Monroe,Carnier,06/08/2010,69,1432916573,mcarniermh@wiley.com,1,76846543906,14/07/2018
811,Blancha,Picot,20/05/1966,98,8165896771,bpicotmi@prlog.org,3,95034821379,30/04/2018
812,Celestina,Bretelle,10/02/1933,88,5318798449,cbretellemj@i2i.jp,2,43087080226,07/11/2018
813,Gabriell,Farrears,02/01/1976,79,7493682367,gfarrearsmk@ifeng.com,2,97780978836,27/04/2018
814,Derick,Faltskog,28/04/1919,93,6129900526,dfaltskogml@ucla.edu,2,48628909942,30/11/2018
815,Edan,McDougall,16/10/1920,50,2644624100,emcdougallmm@goo.ne.jp,2,35065979620,28/08/2018
816,Zorana,Galgey,10/07/1979,68,2414084935,zgalgeymn@thetimes.co.uk,3,66352959179,28/10/2018
817,Eyde,Schall,12/02/1960,20,8333813081,eschallmo@tuttocitta.it,2,60403287249,23/03/2018
818,Cyb,Berthelet,13/03/1979,66,8754863438,cbertheletmp@symantec.com,1,71291064688,15/10/2018
819,Vachel,McElvine,01/06/1922,28,8821125807,vmcelvinemq@cnbc.com,2,81744608078,24/01/2019
820,Standford,Grundon,03/12/1961,9,7673861984,sgrundonmr@msn.com,2,77626767708,07/01/2019
821,Marcelo,Pantone,23/03/1946,18,2664088533,mpantonems@bravesites.com,1,76682688272,26/12/2018
822,Wallace,August,12/07/2005,18,3446493576,waugustmt@ox.ac.uk,2,12700941666,03/04/2018
823,Sonnnie,MacKnockiter,03/07/2018,34,2494149096,smacknockitermu@msn.com,2,36888517924,16/01/2019
824,Chrysa,Sprott,07/08/1951,38,8936055814,csprottmv@sbwire.com,1,48689862946,14/03/2018
825,Peggie,Stroobant,27/12/2003,75,7262825662,pstroobantmw@ustream.tv,1,42100677239,01/05/2018
826,Sheffy,Bradbury,17/04/2003,45,5501665652,sbradburymx@washington.edu,2,88069793140,09/06/2018
827,Colene,Cooksley,25/03/1994,58,8595721248,ccooksleymy@constantcontact.com,1,86547131097,10/03/2018
828,Aron,Yerbury,21/05/1955,65,2585726364,ayerburymz@livejournal.com,2,21487123725,20/11/2018
829,Walker,Sidery,13/01/1954,51,8164122777,wsideryn0@msn.com,2,18008705821,16/03/2018
830,Ninon,Swepson,24/10/2012,66,5474275973,nswepsonn1@taobao.com,1,32084026469,10/01/2019
831,Shelton,Willan,08/10/2007,68,2339402982,swillann2@guardian.co.uk,1,31781507474,18/08/2018
832,Silvain,Gibbens,16/08/1962,88,3183003736,sgibbensn3@mapy.cz,1,78241725370,01/10/2018
833,Catlin,Gresser,27/12/1999,91,6408848330,cgressern4@unc.edu,1,80436880854,26/06/2018
834,Phip,Vannet,31/08/1953,24,4369059081,pvannetn5@a8.net,3,89152521619,07/03/2018
835,Adah,Watton,05/09/1936,85,1144361220,awattonn6@shareasale.com,1,69195129243,24/10/2018
836,Loydie,Newlan,05/01/1959,4,7195369373,lnewlann7@google.nl,1,15298118938,18/01/2019
837,Torry,Obern,22/10/2002,58,4064292719,tobernn8@ning.com,2,34315984778,17/08/2018
838,Jeffie,Caddock,21/11/1992,51,7003648005,jcaddockn9@yale.edu,1,78567082052,30/07/2018
839,Wes,Boyet,02/07/1954,99,6941720162,wboyetna@sogou.com,1,66704914587,03/05/2018
840,Dian,Waliszek,27/09/1992,53,4473989910,dwaliszeknb@prnewswire.com,2,34833287209,24/11/2018
841,Cassy,Buff,13/09/1949,30,2273144986,cbuffnc@soup.io,1,42515764783,23/11/2018
842,Umberto,Milton-White,29/01/1919,52,5431131544,umiltonwhitend@sitemeter.com,2,15341884776,29/12/2018
843,Robbin,Avory,07/05/1957,85,9801329738,ravoryne@wikipedia.org,3,87880931105,16/04/2018
844,Valerye,Gytesham,24/09/1948,36,2004942712,vgyteshamnf@uol.com.br,3,27909756316,24/03/2018
845,Jacques,Govett,25/01/1987,21,2654696821,jgovettng@newsvine.com,2,84236070164,08/02/2019
846,Gib,Merrywether,13/02/1944,82,5054463050,gmerrywethernh@wordpress.com,1,80289967496,15/10/2018
847,Pansie,Prynne,23/05/2000,35,6847533120,pprynneni@list-manage.com,3,79248853468,30/05/2018
848,Alberik,Brolechan,06/05/1955,90,8365729460,abrolechannj@shinystat.com,3,56781470760,22/10/2018
849,Stanislaus,Moyser,18/10/2010,37,8445315948,smoysernk@dedecms.com,2,66165440314,15/05/2018
850,Miles,Manginot,09/06/1953,64,6564877154,mmanginotnl@hibu.com,2,99609516237,03/08/2018
851,Fitz,Linger,04/01/1992,2,7545620207,flingernm@trellian.com,1,66865026445,11/05/2018
852,Dilan,Pavia,05/01/1931,7,1773801618,dpaviann@wp.com,3,30851530706,19/08/2018
853,Maynard,Sheard,09/04/1934,18,4012296524,msheardno@sina.com.cn,1,64316465964,29/01/2019
854,Rosaleen,Rasor,15/10/2003,79,1495715635,rrasornp@youtube.com,3,73072259766,09/02/2019
855,Fifine,Brayford,04/03/1970,20,2293766323,fbrayfordnq@techcrunch.com,2,95329369573,15/08/2018
856,Davie,Escalero,14/01/1993,4,8556125997,descaleronr@sohu.com,3,30570227149,07/06/2018
857,Marcelia,Christer,12/10/1992,64,3379704444,mchristerns@delicious.com,3,37028340735,15/10/2018
858,Susie,Ondra,31/08/1928,83,3442800429,sondrant@xinhuanet.com,1,83263753342,12/08/2018
859,Dyanne,Navan,27/05/2013,60,4438891219,dnavannu@imgur.com,2,45660546698,21/07/2018
860,Patsy,Hubball,09/05/1944,87,9933968417,phubballnv@mediafire.com,1,27439956736,06/12/2018
861,Eziechiele,Stanyforth,27/03/1927,63,4262517243,estanyforthnw@angelfire.com,1,88414930631,17/09/2018
862,Anthea,Tomaszewski,06/04/1967,84,2702391255,atomaszewskinx@fotki.com,3,39578393936,05/05/2018
863,Lela,Pedlar,12/03/1936,75,2751670004,lpedlarny@icq.com,2,81246020129,28/06/2018
864,Casie,Penticost,09/02/1991,37,6257956178,cpenticostnz@hud.gov,2,17790610036,01/12/2018
865,Inga,Strugnell,17/12/1991,14,4555973760,istrugnello0@bbb.org,1,41009573173,19/08/2018
866,Pris,Noquet,29/03/1947,61,9612236326,pnoqueto1@kickstarter.com,3,68264849997,10/06/2018
867,Vern,German,18/08/1993,5,3493557658,vgermano2@spotify.com,3,32038984166,21/02/2019
868,Kacey,Colafate,22/07/1929,23,5391169212,kcolafateo3@simplemachines.org,2,97536456490,16/12/2018
869,Petunia,Alven,16/11/1925,58,5736263739,palveno4@tumblr.com,3,42303046694,26/05/2018
870,Ros,Pleace,30/04/2001,79,4866758028,rpleaceo5@reddit.com,3,56830258125,18/08/2018
871,Gaye,Buckhurst,17/09/1937,48,2025298868,gbuckhursto6@nationalgeographic.com,2,61900238187,06/04/2018
872,Lynn,Clemson,07/02/1922,7,4598476802,lclemsono7@bbb.org,1,48179333527,27/07/2018
873,Pris,Robey,27/06/1999,54,7445615993,probeyo8@chron.com,3,15606925410,06/04/2018
874,Nyssa,Hawkswood,27/06/1924,53,7846620369,nhawkswoodo9@pagesperso-orange.fr,2,30774028740,10/10/2018
875,Norine,Macenzy,10/07/2012,93,3148044568,nmacenzyoa@howstuffworks.com,3,17891498545,15/02/2019
876,Kile,Woosnam,04/04/1972,66,5069504714,kwoosnamob@qq.com,1,69902277329,19/11/2018
877,Annissa,Routham,30/03/1970,22,6678503610,arouthamoc@lycos.com,2,21213059021,10/09/2018
878,Rania,Meadway,26/01/1932,32,9379355824,rmeadwayod@goo.ne.jp,2,59082903605,18/02/2019
879,Richart,Guiden,01/08/1935,63,1637003524,rguidenoe@technorati.com,3,89644164745,24/10/2018
880,Buck,Gliddon,27/08/2007,1,3361802927,bgliddonof@weebly.com,2,72899659529,16/06/2018
881,Gretchen,Timewell,03/03/1942,4,8167941219,gtimewellog@freewebs.com,1,97965600266,01/08/2018
882,Feodor,Shakle,19/12/1960,78,1843952134,fshakleoh@friendfeed.com,3,47278855292,27/11/2018
883,Emmet,Baldwin,22/05/2005,25,7481079547,ebaldwinoi@bluehost.com,3,51512475681,20/06/2018
884,Kelsy,O'Hern,23/09/1950,48,4806859249,kohernoj@g.co,1,69307554663,23/01/2019
885,Naomi,Trappe,08/03/1947,36,9948064350,ntrappeok@blinklist.com,3,28841574610,31/01/2019
886,Andreas,Barnsdale,15/12/1967,66,9808347629,abarnsdaleol@tinyurl.com,1,27538036689,31/08/2018
887,Michaella,Cairney,08/11/1958,24,5052337444,mcairneyom@fc2.com,3,44431931619,06/05/2018
888,Duffie,Romeuf,18/02/1994,85,4527469981,dromeufon@prlog.org,1,58356490844,05/12/2018
889,Duane,Calver,26/07/1976,35,6579140819,dcalveroo@illinois.edu,3,94415309095,07/12/2018
890,Gare,Haw,29/09/1944,66,9519728467,ghawop@deliciousdays.com,2,97984420482,14/06/2018
891,Stearne,Darter,25/07/1971,69,3957442197,sdarteroq@newsvine.com,2,58791377559,08/03/2018
892,Tomas,Pretorius,20/05/1996,16,9615735469,tpretoriusor@people.com.cn,3,42114512548,27/08/2018
893,Hendrika,Lanston,31/03/1979,20,6787243028,hlanstonos@home.pl,1,53696735789,25/04/2018
894,Nesta,Pallis,06/05/1993,56,7042260484,npallisot@shareasale.com,3,33774370108,24/07/2018
895,Pennie,Easun,05/10/1930,45,7626245552,peasunou@bluehost.com,3,16301622187,11/03/2018
896,Audrie,Scamwell,15/02/1928,84,5408664386,ascamwellov@amazon.co.jp,2,14336813004,30/10/2018
897,Anni,Simmers,10/05/1921,68,2381167683,asimmersow@posterous.com,1,89006636386,23/01/2019
898,Willow,Scantleberry,18/09/1997,51,7521977368,wscantleberryox@princeton.edu,2,19970503562,24/03/2018
899,Tildie,Nance,22/03/2007,3,7168179752,tnanceoy@shop-pro.jp,2,39999284403,27/09/2018
900,Gipsy,Polamontayne,01/04/1921,39,7077326269,gpolamontayneoz@joomla.org,3,60436769910,23/02/2019
901,Marji,Izatson,27/09/1958,6,2639479611,mizatsonp0@rambler.ru,2,75225183842,19/05/2018
902,Linell,Dodell,23/02/1938,24,7697742841,ldodellp1@google.nl,1,35155130770,09/10/2018
903,Saloma,Lemery,28/07/2004,41,4866810625,slemeryp2@huffingtonpost.com,2,58954774744,08/10/2018
904,Ilysa,Dellatorre,13/05/1952,87,2097816977,idellatorrep3@mozilla.com,3,50084775765,10/07/2018
905,Jeramie,Gorringe,29/01/2003,4,4641961450,jgorringep4@plala.or.jp,1,76141397830,05/07/2018
906,Humberto,Blagbrough,03/07/1928,17,7986343689,hblagbroughp5@desdev.cn,1,89469944854,29/06/2018
907,Austin,Leavy,01/09/1924,1,6132172979,aleavyp6@barnesandnoble.com,2,19876113594,05/01/2019
908,Duffie,Bruins,19/05/1989,27,7835199830,dbruinsp7@deviantart.com,3,53198857054,14/02/2019
909,Tiphanie,De Freitas,03/11/1933,48,3433098988,tdefreitasp8@nsw.gov.au,2,45125555661,16/10/2018
910,Ezmeralda,Bondy,15/05/1942,48,9891438934,ebondyp9@economist.com,3,64748600646,25/03/2018
911,Bernardina,Plett,17/04/1995,20,2408227691,bplettpa@miibeian.gov.cn,2,71077666150,25/05/2018
912,Locke,Skelbeck,31/12/1981,9,8134134247,lskelbeckpb@wisc.edu,2,49715649608,11/10/2018
913,Phillip,Cristofari,16/01/1938,99,9585004979,pcristofaripc@cam.ac.uk,3,71446684776,28/03/2018
914,Min,Danter,19/09/1921,69,3314907789,mdanterpd@cbsnews.com,2,59908950157,11/05/2018
915,Eyde,Rachuig,14/08/2002,13,3167369350,erachuigpe@pagesperso-orange.fr,3,16970007421,17/02/2019
916,Reube,Stoakley,04/10/1992,40,5508078631,rstoakleypf@cafepress.com,3,43556571499,09/11/2018
917,Rosy,Gresly,01/12/2008,10,4469661000,rgreslypg@seattletimes.com,3,89724940375,18/07/2018
918,Saundra,Stummeyer,15/09/1939,5,3867869929,sstummeyerph@ifeng.com,1,21401179085,19/05/2018
919,Silvana,Coonihan,28/06/2006,95,4084804460,scoonihanpi@zimbio.com,1,72219268008,04/03/2019
920,Codie,Buddell,22/04/1935,48,5855739195,cbuddellpj@flavors.me,3,97668263248,01/01/2019
921,De witt,Inglis,20/02/1981,82,2078907233,dinglispk@hexun.com,2,24787521631,23/09/2018
922,Trisha,Mattei,02/12/1943,41,5655887738,tmatteipl@mac.com,2,96986136412,23/03/2018
923,Ernaline,Downie,22/03/1986,44,6317855642,edowniepm@imageshack.us,3,11569128268,16/04/2018
924,Suzann,Follows,03/02/2012,65,5766626735,sfollowspn@google.fr,1,54496145554,18/07/2018
925,Angy,Da Costa,13/11/1952,95,6156290307,adacostapo@smugmug.com,3,74536991409,29/09/2018
926,Gannie,Gentil,22/09/1936,89,2553377511,ggentilpp@dropbox.com,1,74861544832,17/06/2018
927,Maynord,Enochsson,02/03/1974,83,5931196047,menochssonpq@earthlink.net,3,89624232407,17/02/2019
928,Audi,Degoix,17/11/2014,15,9986018887,adegoixpr@newyorker.com,3,84431522117,12/09/2018
929,Selena,Bonsul,30/07/1959,8,6508439354,sbonsulps@imdb.com,1,55277473772,11/05/2018
930,Mathilda,Sailer,02/02/1934,84,1908644905,msailerpt@ask.com,1,54915863835,23/09/2018
931,Eric,Kingshott,09/03/1940,5,3143617329,ekingshottpu@home.pl,1,43335787657,18/10/2018
932,Emmi,Telega,20/01/1960,30,7302072931,etelegapv@wordpress.com,3,39506900319,14/11/2018
933,Mora,Corlett,21/02/1996,25,1558778181,mcorlettpw@homestead.com,3,55482869394,22/02/2019
934,Chlo,Langtry,22/07/1924,17,4548679680,clangtrypx@ca.gov,3,40894422859,21/06/2018
935,Cary,Dottridge,24/02/1963,94,7381167746,cdottridgepy@wisc.edu,1,57100148947,12/08/2018
936,Avictor,Portail,09/12/1955,76,7233563469,aportailpz@ox.ac.uk,3,67282342843,04/11/2018
937,Golda,Balstone,20/04/1969,31,6402241051,gbalstoneq0@hud.gov,1,34152347262,20/04/2018
938,Gregorio,Alvarez,07/09/2002,88,1554601982,galvarezq1@google.com,2,57166385341,12/08/2018
939,Ruthie,Alflatt,11/03/1991,81,1648585666,ralflattq2@themeforest.net,1,99207627962,24/05/2018
940,Florella,Betts,27/02/1995,79,4842159488,fbettsq3@moonfruit.com,2,93562927306,25/07/2018
941,Horacio,Sherwood,01/11/1992,17,9135117665,hsherwoodq4@youtu.be,3,55037467029,18/07/2018
942,Loni,Ekell,20/08/2000,75,5008650942,lekellq5@ehow.com,3,25422966297,28/05/2018
943,Darlleen,Demke,14/04/1932,42,4877416382,ddemkeq6@paypal.com,1,77016772644,30/10/2018
944,Brooke,Huyge,12/10/1926,90,8061964782,bhuygeq7@answers.com,1,64191536148,05/01/2019
945,Gertruda,Gatecliffe,23/05/1936,2,1043199708,ggatecliffeq8@themeforest.net,2,36067056869,30/08/2018
946,Terri,Drawmer,12/03/1967,90,3298378334,tdrawmerq9@zimbio.com,2,43169312984,03/11/2018
947,Alia,Nisen,28/05/1930,65,2109081904,anisenqa@go.com,2,31597862892,31/07/2018
948,Ardisj,Coddington,19/08/1994,96,4155784286,acoddingtonqb@craigslist.org,3,36222108239,21/06/2018
949,Dieter,Willars,07/09/1991,19,9891598541,dwillarsqc@usnews.com,3,92358403939,08/09/2018
950,Scarlett,Signe,18/08/1984,82,9706272516,ssigneqd@angelfire.com,3,13113952886,31/10/2018
951,Fey,Sales,17/01/1931,17,7666189734,fsalesqe@topsy.com,3,92490681877,13/02/2019
952,Valeda,Angove,11/07/1935,84,8509837187,vangoveqf@unicef.org,3,60224508497,11/09/2018
953,Lenee,Gatcliff,12/08/2006,9,5304174126,lgatcliffqg@tamu.edu,3,83852644269,09/07/2018
954,Belle,Portam,08/01/2014,26,7804239153,bportamqh@github.io,2,28073072531,27/02/2019
955,Evania,Bill,06/05/1992,15,9083373714,ebillqi@businesswire.com,3,89009135479,02/06/2018
956,Murry,Schruurs,24/06/1972,95,4573260656,mschruursqj@prnewswire.com,1,74064042546,05/11/2018
957,Melvin,McCullum,18/03/1963,59,3316993711,mmccullumqk@flavors.me,3,77686815045,12/11/2018
958,Dion,Peaurt,11/09/1977,79,5827480107,dpeaurtql@is.gd,2,40877719576,18/01/2019
959,Thomasin,Skitral,30/05/1964,64,1428018878,tskitralqm@ow.ly,3,53197014902,04/12/2018
960,Jed,Winchcomb,14/11/1959,61,9356742200,jwinchcombqn@reverbnation.com,2,73491759121,15/10/2018
961,Monroe,Clows,17/09/1986,37,8403386281,mclowsqo@simplemachines.org,3,38033860990,19/01/2019
962,Linnie,Drewery,26/05/1921,4,7597778658,ldreweryqp@earthlink.net,1,41485417575,24/08/2018
963,Corrina,Swaden,15/07/1997,33,4339683921,cswadenqq@yellowbook.com,3,14427758047,27/03/2018
964,Jenica,Presnail,10/07/1954,18,6745959216,jpresnailqr@comcast.net,3,28136158931,11/07/2018
965,Maddi,Davidof,05/04/1950,37,6748442507,mdavidofqs@irs.gov,2,81152651498,25/08/2018
966,Ninette,Thirst,22/02/2011,45,3351876077,nthirstqt@deviantart.com,2,83861527869,15/11/2018
967,Vergil,Beasley,17/01/1958,28,1932514522,vbeasleyqu@japanpost.jp,1,84345204873,03/03/2019
968,Billi,Nissle,06/11/1974,100,3451433691,bnissleqv@blog.com,2,80482599139,07/10/2018
969,Ethelred,Ledgley,22/01/1982,31,8419156549,eledgleyqw@google.com.hk,3,54938247492,22/01/2019
970,Beverlie,Rathbourne,06/05/1982,79,3282665364,brathbourneqx@independent.co.uk,2,51620815536,02/02/2019
971,Lucilia,Cuvley,08/02/1937,2,8111967263,lcuvleyqy@123-reg.co.uk,3,57628992236,17/03/2018
972,Neal,Rylstone,13/12/1942,15,4662463629,nrylstoneqz@hexun.com,2,75980042893,19/04/2018
973,Lindi,Mateu,04/06/1939,36,1403665961,lmateur0@gravatar.com,3,49595957548,09/01/2019
974,Vivia,Mallock,09/07/1965,50,8059112361,vmallockr1@squidoo.com,1,60753857306,24/02/2019
975,Sherilyn,Domoney,23/04/1977,46,3785310231,sdomoneyr2@about.com,1,72489964502,05/12/2018
976,Ferdinand,Dot,28/08/1995,82,8161875160,fdotr3@sciencedaily.com,2,67086291312,21/04/2018
977,Loleta,Delle,30/08/1990,1,4196271763,ldeller4@1688.com,2,16547141252,17/01/2019
978,Val,Bowen,05/05/1921,51,4168766559,vbowenr5@sciencedirect.com,2,68592608042,21/10/2018
979,Raimondo,Hallihan,30/05/2004,90,4479835792,rhallihanr6@trellian.com,2,51718974694,25/07/2018
980,Caryl,Delle,20/06/1927,17,8025154968,cdeller7@posterous.com,2,13347399019,03/06/2018
981,Sherwood,Persey,25/04/1969,73,7695506913,sperseyr8@webnode.com,3,43163239111,27/09/2018
982,Ernestine,MacPake,10/08/1992,10,7297189537,emacpaker9@topsy.com,3,37890774436,09/10/2018
983,Hebert,Lambal,18/12/2013,64,3488912072,hlambalra@e-recht24.de,1,36261278632,13/05/2018
984,Latia,Harmston,05/04/2009,4,8025432892,lharmstonrb@tumblr.com,3,47710766983,18/01/2019
985,Joshua,I'anson,31/05/1957,39,4286403083,jiansonrc@blinklist.com,2,56277758904,17/03/2018
986,Bevan,Dyter,16/05/1921,26,6754834540,bdyterrd@hubpages.com,1,43873209808,19/08/2018
987,Minna,Crick,04/05/1951,19,4081119431,mcrickre@answers.com,3,17993690983,17/08/2018
988,Johnny,Challicombe,02/05/2017,36,5482836460,jchallicomberf@hugedomains.com,1,39851438945,24/07/2018
989,Raquela,Youel,11/09/1962,8,4341790729,ryouelrg@usda.gov,2,63750887006,12/03/2018
990,Corrie,Merrall,20/06/1974,12,8896413139,cmerrallrh@tripod.com,1,98167468249,03/01/2019
991,Alex,Tradewell,22/08/1977,32,5228551662,atradewellri@sciencedirect.com,2,18724115857,28/12/2018
992,Mame,Sperrett,02/08/1946,46,4741556922,msperrettrj@google.fr,1,66126030653,14/06/2018
993,Porter,Adelsberg,31/07/2011,13,6663248206,padelsbergrk@disqus.com,2,78224491439,20/01/2019
994,Raddy,Whopples,30/03/1943,64,6231988613,rwhopplesrl@google.de,2,48574021770,16/06/2018
995,Blanche,Beresfore,08/01/1949,24,1518259079,bberesforerm@stanford.edu,2,25564540732,04/03/2019
996,Hewitt,Lovick,15/09/1978,100,4056553026,hlovickrn@wufoo.com,3,44246766893,16/01/2019
997,Otha,Cordie,26/07/1950,2,3411858454,ocordiero@bloomberg.com,3,48529113640,19/01/2019
998,Jacquelin,McCullough,26/03/1975,94,1299372758,jmcculloughrp@com.com,1,35615774273,17/02/2019
999,Austine,Wasson,20/05/2004,84,6934759418,awassonrq@washingtonpost.com,3,39718531588,07/06/2018
1000,Sandy,Nisbet,28/05/1976,91,3325045379,snisbetrr@google.com.hk,1,55568404640,13/03/2018
